,year,erf
0,1750.0,0.246406294
1,1750.083333,0.246407753
2,1750.166667,0.246409088
3,1750.25,0.246410335
4,1750.333333,0.246411481
5,1750.416667,0.246412527
6,1750.5,0.246413458
7,1750.583333,0.246414299
8,1750.666667,0.246415072
9,1750.75,0.246415797
10,1750.833333,0.246416465
11,1750.916667,0.246417072
12,1751.0,0.246417602
13,1751.083333,0.246418083
14,1751.166667,0.246418526
15,1751.25,0.246418955
16,1751.333333,0.246419352
17,1751.416667,0.246419714
18,1751.5,0.246420024
19,1751.583333,0.246420293
20,1751.666667,0.246420552
21,1751.75,0.246420798
22,1751.833333,0.246421035
23,1751.916667,0.24642124
24,1752.0,0.246421407
25,1752.083333,0.246421555
26,1752.166667,0.246421695
27,1752.25,0.246421846
28,1752.333333,0.246421998
29,1752.416667,0.246422133
30,1752.5,0.246422231
31,1752.583333,0.246422311
32,1752.666667,0.246422388
33,1752.75,0.246422473
34,1752.833333,0.246422563
35,1752.916667,0.246422638
36,1753.0,0.246422688
37,1753.083333,0.246422727
38,1753.166667,0.246422773
39,1753.25,0.246422827
40,1753.333333,0.24642289
41,1753.416667,0.246422943
42,1753.5,0.246422973
43,1753.583333,0.246422989
44,1753.666667,0.246423009
45,1753.75,0.246423043
46,1753.833333,0.246423081
47,1753.916667,0.246423109
48,1754.0,0.246423116
49,1754.083333,0.068755723
50,1754.166667,-0.053119116
51,1754.25,-0.133221045
52,1754.333333,-0.182264465
53,1754.416667,-0.208420507
54,1754.5,-0.217905408
55,1754.583333,-0.215434668
56,1754.666667,-0.204572725
57,1754.75,-0.188002385
58,1754.833333,-0.16773152
59,1754.916667,-0.145251202
60,1755.0,-0.121657355
61,1755.083333,-0.097744602
62,1755.166667,-0.07407927
63,1755.25,-0.051055383
64,1755.333333,-0.028937685
65,1755.416667,-0.00789488
66,1755.5,0.011974977
67,1755.583333,0.030625589
68,1755.666667,0.048047869
69,1755.75,0.064259416
70,1755.833333,0.079296161
71,1755.916667,0.093206561
72,1756.0,0.106047094
73,1756.083333,0.117878964
74,1756.166667,0.128765415
75,1756.25,0.138769878
76,1756.333333,0.147954625
77,1756.416667,0.156379809
78,1756.5,0.164102812
79,1756.583333,0.171177955
80,1756.666667,0.177656289
81,1756.75,0.183585579
82,1756.833333,0.189010307
83,1756.916667,0.19397179
84,1757.0,0.198508359
85,1757.083333,0.202655488
86,1757.166667,0.206445934
87,1757.25,0.209909887
88,1757.333333,0.213075081
89,1757.416667,0.215966972
90,1757.5,0.218608935
91,1757.583333,0.221022386
92,1757.666667,0.223226959
93,1757.75,0.225240626
94,1757.833333,0.227079806
95,1757.916667,0.228759524
96,1758.0,0.23029353
97,1758.083333,0.231694423
98,1758.166667,0.23297375
99,1758.25,0.234142049
100,1758.333333,0.235208943
101,1758.416667,0.236183195
102,1758.5,0.237072831
103,1758.583333,0.237885204
104,1758.666667,0.238627029
105,1758.75,0.239304437
106,1758.833333,0.239923014
107,1758.916667,0.240487845
108,1759.0,0.24100358
109,1759.083333,0.241474497
110,1759.166667,0.241904504
111,1759.25,0.242297175
112,1759.333333,0.24265574
113,1759.416667,0.242983139
114,1759.5,0.243282077
115,1759.583333,0.243555027
116,1759.666667,0.243804264
117,1759.75,0.244031863
118,1759.833333,0.244239691
119,1759.916667,0.244429449
120,1760.0,0.244602703
121,1760.083333,0.244760894
122,1760.166667,0.244905346
123,1760.25,0.245037269
124,1760.333333,0.245157742
125,1760.416667,0.245267735
126,1760.5,0.245368149
127,1760.583333,0.245459832
128,1760.666667,0.245543553
129,1760.75,0.24562001
130,1760.833333,0.245689836
131,1760.916667,0.245753585
132,1761.0,0.245811778
133,1761.083333,0.245864896
134,1761.166667,0.245913411
135,1761.25,0.245957729
136,1761.333333,0.245998208
137,1761.416667,0.246035167
138,1761.5,0.24606889
139,1761.583333,0.246099674
140,1761.666667,0.246127784
141,1761.75,0.246153476
142,1761.833333,0.246176945
143,1761.916667,0.246198362
144,1762.0,0.246217863
145,1762.083333,-0.309936929
146,1762.166667,-0.691532704
147,1762.25,-0.942366447
148,1762.333333,-1.09594948
149,1762.416667,-1.177861443
150,1762.5,-1.207575743
151,1762.583333,-1.199868268
152,1762.666667,-1.165905097
153,1762.75,-1.114080879
154,1762.833333,-1.05066789
155,1762.916667,-0.980320364
156,1763.0,-0.906462669
157,1763.083333,-0.831584611
158,1763.166667,-0.757465346
159,1763.25,-0.685345466
160,1763.333333,-0.616060521
161,1763.416667,-0.550143577
162,1763.5,-0.487913211
163,1763.583333,-0.429500234
164,1763.666667,-0.374934921
165,1763.75,-0.324162594
166,1763.833333,-0.277069539
167,1763.916667,-0.233502946
168,1764.0,-0.193285312
169,1764.083333,-0.156225068
170,1764.166667,-0.122124615
171,1764.25,-0.090785877
172,1764.333333,-0.06201453
173,1764.416667,-0.03562268
174,1764.5,-0.011430824
175,1764.583333,0.010731094
176,1764.666667,0.031023052
177,1764.75,0.049594852
178,1764.833333,0.066586106
179,1764.916667,0.08212652
180,1765.0,0.096336268
181,1765.083333,0.109326468
182,1765.166667,0.121199633
183,1765.25,0.132050167
184,1765.333333,0.141964894
185,1765.416667,0.151023535
186,1765.5,0.159299221
187,1765.583333,0.166859066
188,1765.666667,0.173764538
189,1765.75,0.180071904
190,1765.833333,0.18583271
191,1765.916667,0.19109405
192,1766.0,0.195899062
193,1766.083333,0.200287195
194,1766.166667,0.204294534
195,1766.25,0.207954069
196,1766.333333,0.211295933
197,1766.416667,0.214347628
198,1766.5,0.217134315
199,1766.583333,0.219678986
200,1766.666667,0.222002653
201,1766.75,0.224124498
202,1766.833333,0.226062043
203,1766.916667,0.227831257
204,1767.0,0.229446747
205,1767.083333,-0.037621353
206,1767.166667,-0.220487617
207,1767.25,-0.34033127
208,1767.333333,-0.413337122
209,1767.416667,-0.451846325
210,1767.5,-0.465246317
211,1767.583333,-0.460656803
212,1767.666667,-0.443458301
213,1767.75,-0.417699394
214,1767.833333,-0.386409099
215,1767.916667,-0.351835867
216,1768.0,-0.315631131
217,1768.083333,-0.278991521
218,1768.166667,-0.242769009
219,1768.25,-0.207555338
220,1768.333333,-0.17374737
221,1768.416667,-0.141596865
222,1768.5,-0.111249138
223,1768.583333,-0.082771695
224,1768.666667,-0.056175728
225,1768.75,-0.031432597
226,1768.833333,-0.008486
227,1768.916667,0.012739134
228,1769.0,0.032329835
229,1769.083333,0.050380118
230,1769.166667,0.066986916
231,1769.25,0.082247414
232,1769.333333,0.096256809
233,1769.416667,0.10910713
234,1769.5,0.120886069
235,1769.583333,0.131676582
236,1769.666667,0.141556648
237,1769.75,0.15059918
238,1769.833333,0.158872069
239,1769.916667,0.166438395
240,1770.0,0.173356632
241,1770.083333,0.17968092
242,1770.166667,0.185461234
243,1770.25,0.190743587
244,1770.333333,0.195570316
245,1770.416667,0.199980267
246,1770.5,0.204009077
247,1770.583333,0.207689413
248,1770.666667,0.211051209
249,1770.75,0.214121874
250,1770.833333,0.216926453
251,1770.916667,0.219487854
252,1771.0,0.221827065
253,1771.083333,0.223963308
254,1771.166667,0.225914162
255,1771.25,0.2276957
256,1771.333333,0.229322586
257,1771.416667,0.230808215
258,1771.5,0.232164823
259,1771.583333,0.233403617
260,1771.666667,0.234534827
261,1771.75,0.235567797
262,1771.833333,0.236511049
263,1771.916667,0.237372347
264,1772.0,0.238158799
265,1772.083333,0.238876907
266,1772.166667,0.239532631
267,1772.25,0.240131403
268,1772.333333,0.240678166
269,1772.416667,0.241177415
270,1772.5,0.241633263
271,1772.583333,0.24204949
272,1772.666667,0.242429551
273,1772.75,0.242776614
274,1772.833333,0.243093526
275,1772.916667,0.243382888
276,1773.0,0.243647086
277,1773.083333,0.243888314
278,1773.166667,0.244108593
279,1773.25,0.244309751
280,1773.333333,0.244493441
281,1773.416667,0.244661167
282,1773.5,0.244814293
283,1773.583333,0.244954104
284,1773.666667,0.245081768
285,1773.75,0.245198357
286,1773.833333,0.24530482
287,1773.916667,0.245402028
288,1774.0,0.245490765
289,1774.083333,0.245571783
290,1774.166667,0.245645768
291,1774.25,0.245713346
292,1774.333333,0.245775069
293,1774.416667,0.245831417
294,1774.5,0.245882851
295,1774.583333,0.245929805
296,1774.666667,0.245972681
297,1774.75,0.246011849
298,1774.833333,0.246047622
299,1774.916667,0.24608028
300,1775.0,0.24611008
301,1775.083333,0.246137274
302,1775.166667,0.246162116
303,1775.25,0.246184826
304,1775.333333,0.246205573
305,1775.416667,0.246224518
306,1775.5,0.246241792
307,1775.583333,0.246257554
308,1775.666667,0.24627195
309,1775.75,0.246285113
310,1775.833333,0.246297142
311,1775.916667,0.246308114
312,1776.0,0.246318115
313,1776.083333,0.246327235
314,1776.166667,0.246335573
315,1776.25,0.246343204
316,1776.333333,0.246350189
317,1776.416667,0.24635656
318,1776.5,0.246362361
319,1776.583333,0.246367643
320,1776.666667,0.246372472
321,1776.75,0.246376897
322,1776.833333,0.246380946
323,1776.916667,0.246384639
324,1777.0,0.246387994
325,1777.083333,0.246391039
326,1777.166667,0.246393835
327,1777.25,0.246396401
328,1777.333333,0.246398767
329,1777.416667,0.246400921
330,1777.5,0.246402864
331,1777.583333,0.246404623
332,1777.666667,0.246406238
333,1777.75,0.246407731
334,1777.833333,0.246409103
335,1777.916667,0.246410343
336,1778.0,0.246411462
337,1778.083333,0.246412473
338,1778.166667,0.246413403
339,1778.25,0.24641427
340,1778.333333,0.246415084
341,1778.416667,0.246415815
342,1778.5,0.246416459
343,1778.583333,0.246417044
344,1778.666667,0.246417577
345,1778.75,0.246418084
346,1778.833333,0.246418553
347,1778.916667,0.246418976
348,1779.0,0.246419347
349,1779.083333,0.246419674
350,1779.166667,0.246419976
351,1779.25,0.246420273
352,1779.333333,0.246420559
353,1779.416667,0.246420815
354,1779.5,0.246421028
355,1779.583333,0.246421212
356,1779.666667,0.246421385
357,1779.75,0.246421564
358,1779.833333,0.246421732
359,1779.916667,0.246421879
360,1780.0,0.246421993
361,1780.083333,0.246422085
362,1780.166667,0.24642218
363,1780.25,0.246422287
364,1780.333333,0.246422401
365,1780.416667,0.246422493
366,1780.5,0.246422565
367,1780.583333,0.246422614
368,1780.666667,0.246422659
369,1780.75,0.246422725
370,1780.833333,0.246422794
371,1780.916667,0.246422845
372,1781.0,0.246422872
373,1781.083333,0.246422886
374,1781.166667,0.246422913
375,1781.25,0.246422956
376,1781.333333,0.24642301
377,1781.416667,0.246423053
378,1781.5,0.246423074
379,1781.583333,0.246423082
380,1781.666667,0.246423096
381,1781.75,0.246423117
382,1781.833333,0.246423153
383,1781.916667,0.246423179
384,1782.0,0.246423182
385,1782.083333,0.246423167
386,1782.166667,0.246423166
387,1782.25,0.246423191
388,1782.333333,0.246423224
389,1782.416667,0.246423251
390,1782.5,0.246423256
391,1782.583333,0.246423247
392,1782.666667,0.246423239
393,1782.75,0.246423255
394,1782.833333,0.24642328
395,1782.916667,0.246423296
396,1783.0,0.246423287
397,1783.083333,-0.883908668
398,1783.166667,-1.659284715
399,1783.25,-2.168898638
400,1783.333333,-2.48091626
401,1783.416667,-2.638121625
402,1783.5,-2.69281239
403,1783.583333,-2.682180206
404,1783.666667,-2.622817817
405,1783.75,-2.517420941
406,1783.833333,-2.388456244
407,1783.916667,-2.245435227
408,1784.0,-2.09532975
409,1784.083333,-1.94319503
410,1784.166667,-1.792634568
411,1784.25,-1.646155127
412,1784.333333,-1.505441066
413,1784.416667,-1.371565546
414,1784.5,-1.245152309
415,1784.583333,-1.126496104
416,1784.666667,-1.015654246
417,1784.75,-0.912515405
418,1784.833333,-0.816850736
419,1784.916667,-0.728351956
420,1785.0,-0.646659526
421,1785.083333,-0.571384272
422,1785.166667,-0.502123949
423,1785.25,-0.438475038
424,1785.333333,-0.380041211
425,1785.416667,-0.326439799
426,1785.5,-0.277305472
427,1785.583333,-0.232292911
428,1785.666667,-0.191077259
429,1785.75,-0.153354758
430,1785.833333,-0.118842398
431,1785.916667,-0.087277128
432,1786.0,-0.05841512
433,1786.083333,-0.032030671
434,1786.166667,-0.007915502
435,1786.25,0.014122326
436,1786.333333,0.034259366
437,1786.416667,0.052657716
438,1786.5,0.069466109
439,1786.583333,0.084820746
440,1786.666667,0.098846466
441,1786.75,0.111657499
442,1786.833333,0.123358396
443,1786.916667,0.134044816
444,1787.0,0.143804335
445,1787.083333,0.152717071
446,1787.166667,0.160856302
447,1787.25,0.168289057
448,1787.333333,0.175076546
449,1787.416667,0.181274729
450,1787.5,0.18693471
451,1787.583333,0.192103163
452,1787.666667,0.196822752
453,1787.75,0.201132433
454,1787.833333,0.205067754
455,1787.916667,0.208661199
456,1788.0,0.211942431
457,1788.083333,0.214938562
458,1788.166667,0.21767438
459,1788.25,0.220172505
460,1788.333333,0.222453584
461,1788.416667,0.224536465
462,1788.5,0.226438343
463,1788.583333,0.228174954
464,1788.666667,0.229760681
465,1788.75,0.23120864
466,1788.833333,0.232530781
467,1788.916667,0.233738032
468,1789.0,0.234840353
469,1789.083333,0.235846875
470,1789.166667,0.236765944
471,1789.25,0.237605164
472,1789.333333,0.238371473
473,1789.416667,0.239071185
474,1789.5,0.239710073
475,1789.583333,0.24029343
476,1789.666667,0.240826107
477,1789.75,0.241312507
478,1789.833333,0.241756652
479,1789.916667,0.242162192
480,1790.0,0.24253247
481,1790.083333,0.242870561
482,1790.166667,0.243179282
483,1790.25,0.2434612
484,1790.333333,0.243718624
485,1790.416667,0.243953674
486,1790.5,0.244168284
487,1790.583333,0.244364228
488,1790.666667,0.244543152
489,1790.75,0.244706542
490,1790.833333,0.244855748
491,1790.916667,0.244991981
492,1791.0,0.245116354
493,1791.083333,0.245229907
494,1791.166667,0.245333601
495,1791.25,0.245428305
496,1791.333333,0.245514793
497,1791.416667,0.245593759
498,1791.5,0.24566584
499,1791.583333,0.245731649
500,1791.666667,0.245791747
501,1791.75,0.245846638
502,1791.833333,0.24589677
503,1791.916667,0.245942533
504,1792.0,0.245984299
505,1792.083333,0.246022427
506,1792.166667,0.246057251
507,1792.25,0.246089072
508,1792.333333,0.246118134
509,1792.416667,0.246144671
510,1792.5,0.246168884
511,1792.583333,0.246190978
512,1792.666667,0.246211157
513,1792.75,0.246229602
514,1792.833333,0.246246452
515,1792.916667,0.24626183
516,1793.0,0.246275852
517,1793.083333,0.246288647
518,1793.166667,0.246300336
519,1793.25,0.246311035
520,1793.333333,0.246320814
521,1793.416667,0.246329737
522,1793.5,0.246337865
523,1793.583333,0.246345274
524,1793.666667,0.246352049
525,1793.75,0.24635825
526,1793.833333,0.24636392
527,1793.916667,0.246369091
528,1794.0,0.246373785
529,1794.083333,0.246378073
530,1794.166667,0.246381996
531,1794.25,0.246385592
532,1794.333333,0.246388894
533,1794.416667,0.246391905
534,1794.5,0.246394631
535,1794.583333,0.24639711
536,1794.666667,0.24639938
537,1794.75,0.246401469
538,1794.833333,0.246403389
539,1794.916667,0.246405128
540,1795.0,0.246406694
541,1795.083333,0.13817398
542,1795.166667,0.063929679
543,1795.25,0.015133161
544,1795.333333,-0.01474275
545,1795.416667,-0.030675887
546,1795.5,-0.036453131
547,1795.583333,-0.034947127
548,1795.666667,-0.028329329
549,1795.75,-0.018234077
550,1795.833333,-0.005884469
551,1795.916667,0.007811009
552,1796.0,0.022184777
553,1796.083333,0.036752806
554,1796.166667,0.051170058
555,1796.25,0.065196509
556,1796.333333,0.078670871
557,1796.416667,0.091490363
558,1796.5,0.103595292
559,1796.583333,0.114957418
560,1796.666667,0.125571249
561,1796.75,0.135447483
562,1796.833333,0.144608005
563,1796.916667,0.153082356
564,1797.0,0.160904916
565,1797.083333,0.168112993
566,1797.166667,0.174745113
567,1797.25,0.180839926
568,1797.333333,0.186435358
569,1797.416667,0.191568056
570,1797.5,0.19627297
571,1797.583333,0.200583198
572,1797.666667,0.204529854
573,1797.75,0.208142032
574,1797.833333,0.211446829
575,1797.916667,0.214469407
576,1798.0,0.217233124
577,1798.083333,0.21975958
578,1798.166667,0.222068749
579,1798.25,0.224179019
580,1798.333333,0.226107283
581,1798.416667,0.227869064
582,1798.5,0.229478565
583,1798.583333,0.230948854
584,1798.666667,0.23229189
585,1798.75,0.233518632
586,1798.833333,0.234639085
587,1798.916667,0.235662384
588,1799.0,0.236596908
589,1799.083333,0.237450338
590,1799.166667,0.23822971
591,1799.25,0.238941452
592,1799.333333,0.239591422
593,1799.416667,0.240184956
594,1799.5,0.24072693
595,1799.583333,0.241221829
596,1799.666667,0.241673752
597,1799.75,0.242086441
598,1799.833333,0.242463293
599,1799.916667,0.242807394
600,1800.0,0.243121578
601,1800.083333,0.243408455
602,1800.166667,0.243670411
603,1800.25,0.243909634
604,1800.333333,0.244128081
605,1800.416667,0.244327549
606,1800.5,0.244509658
607,1800.583333,0.244675938
608,1800.666667,0.244827771
609,1800.75,0.244966426
610,1800.833333,0.245093043
611,1800.916667,0.245208651
612,1801.0,0.245314191
613,1801.083333,0.245410554
614,1801.166667,0.245498551
615,1801.25,0.245578923
616,1801.333333,0.245652321
617,1801.416667,0.245719334
618,1801.5,0.245780511
619,1801.583333,0.245836352
620,1801.666667,0.245887346
621,1801.75,0.245933933
622,1801.833333,0.245976482
623,1801.916667,0.246015319
624,1802.0,0.246050763
625,1802.083333,0.246083117
626,1802.166667,0.246112669
627,1802.25,0.246139673
628,1802.333333,0.246164346
629,1802.416667,0.246186869
630,1802.5,0.246207411
631,1802.583333,0.246226158
632,1802.666667,0.246243283
633,1802.75,0.246258934
634,1802.833333,0.246273242
635,1802.916667,0.246286293
636,1803.0,0.246298189
637,1803.083333,0.24630904
638,1803.166667,0.246318956
639,1803.25,0.24632803
640,1803.333333,0.246336333
641,1803.416667,0.246343911
642,1803.5,0.246350811
643,1803.583333,0.246357098
644,1803.666667,0.24636284
645,1803.75,0.246368102
646,1803.833333,0.246372919
647,1803.916667,0.246377308
648,1804.0,0.246381296
649,1804.083333,0.246384928
650,1804.166667,0.246388255
651,1804.25,0.246391305
652,1804.333333,0.246394116
653,1804.416667,0.246396672
654,1804.5,0.246398982
655,1804.583333,0.246401081
656,1804.666667,0.246403007
657,1804.75,0.24640478
658,1804.833333,0.246406407
659,1804.916667,0.246407887
660,1805.0,0.246409217
661,1805.083333,0.246410422
662,1805.166667,0.246411528
663,1805.25,0.246412565
664,1805.333333,0.246413521
665,1805.416667,0.246414391
666,1805.5,0.246415164
667,1805.583333,0.246415857
668,1805.666667,0.246416497
669,1805.75,0.246417097
670,1805.833333,0.24641765
671,1805.916667,0.246418158
672,1806.0,0.246418595
673,1806.083333,0.246418979
674,1806.166667,0.246419344
675,1806.25,0.246419695
676,1806.333333,0.246420033
677,1806.416667,0.246420339
678,1806.5,0.246420592
679,1806.583333,0.246420813
680,1806.666667,0.24642102
681,1806.75,0.246421225
682,1806.833333,0.246421422
683,1806.916667,0.2464216
684,1807.0,0.246421738
685,1807.083333,0.246421855
686,1807.166667,0.246421969
687,1807.25,0.246422094
688,1807.333333,0.246422223
689,1807.416667,0.246422336
690,1807.5,0.246422416
691,1807.583333,0.246422481
692,1807.666667,0.246422538
693,1807.75,0.246422616
694,1807.833333,0.246422695
695,1807.916667,0.24642276
696,1808.0,0.246422796
697,1808.083333,0.24642282
698,1808.166667,0.246422855
699,1808.25,0.246422899
700,1808.333333,0.246422959
701,1808.416667,0.246423005
702,1808.5,0.246423027
703,1808.583333,0.246423034
704,1808.666667,0.24642305
705,1808.75,0.24642308
706,1808.833333,0.246423115
707,1808.916667,0.246423145
708,1809.0,0.246423126
709,1809.083333,-1.493529716
710,1809.166667,-2.67756851
711,1809.25,-3.406907105
712,1809.333333,-3.86311453
713,1809.416667,-4.125210167
714,1809.5,-4.242974934
715,1809.583333,-4.251682639
716,1809.666667,-4.171547552
717,1809.75,-4.009686299
718,1809.833333,-3.81129996
719,1809.916667,-3.59122062
720,1810.0,-3.360164957
721,1810.083333,-3.12592107
722,1810.166667,-2.894053391
723,1810.25,-2.668440881
724,1810.333333,-2.451696594
725,1810.416667,-2.245487642
726,1810.5,-2.050794247
727,1810.583333,-1.86805316
728,1810.666667,-1.69735508
729,1810.75,-1.538525818
730,1810.833333,-1.391208115
731,1810.916667,-1.254921986
732,1811.0,-1.129111412
733,1811.083333,-1.013176834
734,1811.166667,-0.906500362
735,1811.25,-0.808462818
736,1811.333333,-0.718456637
737,1811.416667,-0.635894447
738,1811.5,-0.560214935
739,1811.583333,-0.490886167
740,1811.666667,-0.427407509
741,1811.75,-0.369310246
742,1811.833333,-0.31615743
743,1811.916667,-0.267543141
744,1812.0,-0.223091358
745,1812.083333,-0.182454405
746,1812.166667,-0.145311754
747,1812.25,-0.111368092
748,1812.333333,-0.080351913
749,1812.416667,-0.052013867
750,1812.5,-0.026125087
751,1812.583333,-0.002475729
752,1812.666667,0.019126471
753,1812.75,0.038857595
754,1812.833333,0.056878874
755,1812.916667,0.073337748
756,1813.0,0.088369164
757,1813.083333,0.102096501
758,1813.166667,0.114632637
759,1813.25,0.126080716
760,1813.333333,0.136534982
761,1813.416667,0.146081552
762,1813.5,0.154799114
763,1813.583333,0.162759597
764,1813.666667,0.170028685
765,1813.75,0.176666396
766,1813.833333,0.182727528
767,1813.916667,0.188262099
768,1814.0,0.193315832
769,1814.083333,0.197930475
770,1814.166667,0.202144204
771,1814.25,0.205991821
772,1814.333333,0.209505155
773,1814.416667,0.212713209
774,1814.5,0.215642498
775,1814.583333,0.21831724
776,1814.666667,0.220759576
777,1814.75,0.222989704
778,1814.833333,0.225026056
779,1814.916667,0.226885446
780,1815.0,0.22858324
781,1815.083333,-3.304540293
782,1815.166667,-5.302652693
783,1815.25,-6.693024916
784,1815.333333,-7.612549354
785,1815.416667,-8.071305291
786,1815.5,-8.164932902
787,1815.583333,-8.08677578
788,1815.666667,-7.935231335
789,1815.75,-7.746839911
790,1815.833333,-7.523356172
791,1815.916667,-7.256480967
792,1816.0,-6.945697076
793,1816.083333,-6.582890037
794,1816.166667,-6.140958162
795,1816.25,-5.688378902
796,1816.333333,-5.251858654
797,1816.416667,-4.835284649
798,1816.5,-4.441008028
799,1816.583333,-4.070248955
800,1816.666667,-3.723405071
801,1816.75,-3.400284425
802,1816.833333,-3.10028188
803,1816.916667,-2.822513408
804,1817.0,-2.565917109
805,1817.083333,-2.32932629
806,1817.166667,-2.111523053
807,1817.25,-1.911277577
808,1817.333333,-1.727375216
809,1817.416667,-1.558636216
810,1817.5,-1.403928549
811,1817.583333,-1.262176823
812,1817.666667,-1.132365855
813,1817.75,-1.013543737
814,1817.833333,-0.904821753
815,1817.916667,-0.805373325
816,1818.0,-0.714431833
817,1818.083333,-0.63128888
818,1818.166667,-0.555290307
819,1818.25,-0.485833661
820,1818.333333,-0.422364559
821,1818.416667,-0.364373778
822,1818.5,-0.311393668
823,1818.583333,-0.262995353
824,1818.666667,-0.218785686
825,1818.75,-0.178404633
826,1818.833333,-0.141522356
827,1818.916667,-0.107837184
828,1819.0,-0.07707308
829,1819.083333,-0.048977624
830,1819.166667,-0.02331996
831,1819.25,0.00011093
832,1819.333333,0.021507917
833,1819.416667,0.041047191
834,1819.5,0.058889805
835,1819.583333,0.075182895
836,1819.666667,0.090060903
837,1819.75,0.103646623
838,1819.833333,0.11605224
839,1819.916667,0.12738017
840,1820.0,0.137723972
841,1820.083333,0.147169113
842,1820.166667,0.155793656
843,1820.25,0.163668889
844,1820.333333,0.170859884
845,1820.416667,0.177426051
846,1820.5,0.183421658
847,1820.583333,0.188896298
848,1820.666667,0.193895228
849,1820.75,0.198459793
850,1820.833333,0.202627738
851,1820.916667,0.206433487
852,1821.0,0.209908519
853,1821.083333,0.213081571
854,1821.166667,0.215978909
855,1821.25,0.218624493
856,1821.333333,0.221040198
857,1821.416667,0.223245978
858,1821.5,0.225260059
859,1821.583333,0.227099112
860,1821.666667,0.22877836
861,1821.75,0.230311696
862,1821.833333,0.231711793
863,1821.916667,0.232990218
864,1822.0,0.234157532
865,1822.083333,0.11072235
866,1822.166667,0.026267147
867,1822.25,-0.029004049
868,1822.333333,-0.062583675
869,1822.416667,-0.080188633
870,1822.5,-0.086170073
871,1822.583333,-0.083829519
872,1822.666667,-0.07566203
873,1822.75,-0.063543437
874,1822.833333,-0.048875059
875,1822.916667,-0.032695888
876,1823.0,-0.01576932
877,1823.083333,0.001350831
878,1823.166667,0.018269633
879,1823.25,0.034712379
880,1823.333333,0.050494612
881,1823.416667,0.06549926
882,1823.5,0.079659048
883,1823.583333,0.092943104
884,1823.666667,0.105346944
885,1823.75,0.116884791
886,1823.833333,0.127583827
887,1823.916667,0.13747977
888,1824.0,0.146613658
889,1824.083333,0.155029509
890,1824.166667,0.162772551
891,1824.25,0.169887946
892,1824.333333,0.176419986
893,1824.416667,0.182411373
894,1824.5,0.187902956
895,1824.583333,0.192933429
896,1824.666667,0.197539218
897,1824.75,0.201754398
898,1824.833333,0.205610741
899,1824.916667,0.209137729
900,1825.0,0.212362653
901,1825.083333,0.215310773
902,1825.166667,0.218005372
903,1825.25,0.22046789
904,1825.333333,0.222718021
905,1825.416667,0.224773836
906,1825.5,0.226651929
907,1825.583333,0.228367541
908,1825.666667,0.229934637
909,1825.75,0.231366002
910,1825.833333,0.232673334
911,1825.916667,0.233867309
912,1826.0,0.234957714
913,1826.083333,0.235953521
914,1826.166667,0.236862907
915,1826.25,0.237693394
916,1826.333333,0.238451795
917,1826.416667,0.239144348
918,1826.5,0.239776735
919,1826.583333,0.240354191
920,1826.666667,0.240881499
921,1826.75,0.241363017
922,1826.833333,0.241802719
923,1826.916667,0.242204218
924,1827.0,0.24257081
925,1827.083333,0.242905546
926,1827.166667,0.243211206
927,1827.25,0.243490334
928,1827.333333,0.243745217
929,1827.416667,0.243977949
930,1827.5,0.244190439
931,1827.583333,0.244384461
932,1827.666667,0.244561623
933,1827.75,0.244723407
934,1827.833333,0.244871149
935,1827.916667,0.245006041
936,1828.0,0.245129189
937,1828.083333,0.245241622
938,1828.166667,0.245344296
939,1828.25,0.245438067
940,1828.333333,0.245523708
941,1828.416667,0.245601901
942,1828.5,0.245673278
943,1828.583333,0.245738441
944,1828.666667,0.245797948
945,1828.75,0.245852297
946,1828.833333,0.245901937
947,1828.916667,0.245947257
948,1829.0,0.245988615
949,1829.083333,0.246026367
950,1829.166667,0.246060851
951,1829.25,0.246092353
952,1829.333333,0.246121136
953,1829.416667,0.246147411
954,1829.5,0.246171385
955,1829.583333,0.24619326
956,1829.666667,0.246213242
957,1829.75,0.246231505
958,1829.833333,0.246248192
959,1829.916667,0.246263421
960,1830.0,0.246277307
961,1830.083333,0.246289976
962,1830.166667,0.24630155
963,1830.25,0.246312141
964,1830.333333,0.246321827
965,1830.416667,0.24633066
966,1830.5,0.246338713
967,1830.583333,0.246346048
968,1830.666667,0.246352754
969,1830.75,0.246358891
970,1830.833333,0.24636451
971,1830.916667,0.246369628
972,1831.0,0.246374226
973,1831.083333,-1.565009441
974,1831.166667,-2.777915494
975,1831.25,-3.49515892
976,1831.333333,-3.918454885
977,1831.416667,-4.139655308
978,1831.5,-4.227149966
979,1831.583333,-4.232719638
980,1831.666667,-4.188862398
981,1831.75,-4.103207642
982,1831.833333,-3.96377811
983,1831.916667,-3.748469328
984,1832.0,-3.507988246
985,1832.083333,-3.264165165
986,1832.166667,-3.022798822
987,1832.25,-2.787934269
988,1832.333333,-2.562297011
989,1832.416667,-2.347626544
990,1832.5,-2.145039324
991,1832.583333,-1.954844969
992,1832.666667,-1.777157329
993,1832.75,-1.611809115
994,1832.833333,-1.458437591
995,1832.916667,-1.316549818
996,1833.0,-1.185570142
997,1833.083333,-1.064875842
998,1833.166667,-0.95382316
999,1833.25,-0.851766237
1000,1833.333333,-0.758070707
1001,1833.416667,-0.672123553
1002,1833.5,-0.593339523
1003,1833.583333,-0.521164892
1004,1833.666667,-0.455078918
1005,1833.75,-0.394594368
1006,1833.833333,-0.339257131
1007,1833.916667,-0.288645079
1008,1834.0,-0.24236719
1009,1834.083333,-0.200061519
1010,1834.166667,-0.16139421
1011,1834.25,-0.126057615
1012,1834.333333,-0.093768782
1013,1834.416667,-0.064267865
1014,1834.5,-0.037316503
1015,1834.583333,-0.012696239
1016,1834.666667,0.009793056
1017,1834.75,0.03033465
1018,1834.833333,0.049096159
1019,1834.916667,0.066231078
1020,1835.0,0.0818798
1021,1835.083333,-0.475309325
1022,1835.166667,-0.854377746
1023,1835.25,-1.100220778
1024,1835.333333,-1.247172238
1025,1835.416667,-1.321423768
1026,1835.5,-1.342899787
1027,1835.583333,-1.32670633
1028,1835.666667,-1.284248261
1029,1835.75,-1.224090417
1030,1835.833333,-1.152623017
1031,1835.916667,-1.074578447
1032,1836.0,-0.993428958
1033,1836.083333,-0.911689164
1034,1836.166667,-0.831146907
1035,1836.25,-0.7530402
1036,1836.333333,-0.678194288
1037,1836.416667,-0.607126467
1038,1836.5,-0.540131814
1039,1836.583333,-0.477327293
1040,1836.666667,-0.418719742
1041,1836.75,-0.364231283
1042,1836.833333,-0.313725293
1043,1836.916667,-0.267026928
1044,1837.0,-0.223937414
1045,1837.083333,-0.1842453
1046,1837.166667,-0.147734282
1047,1837.25,-0.114188754
1048,1837.333333,-0.083398001
1049,1837.416667,-0.055158954
1050,1837.5,-0.029277936
1051,1837.583333,-0.005571801
1052,1837.666667,0.016131621
1053,1837.75,0.035993347
1054,1837.833333,0.054163333
1055,1837.916667,0.07078075
1056,1838.0,0.085974506
1057,1838.083333,0.099863673
1058,1838.166667,0.112558042
1059,1838.25,0.124158706
1060,1838.333333,0.134758571
1061,1838.416667,0.144442958
1062,1838.5,0.153290122
1063,1838.583333,0.161371848
1064,1838.666667,0.168753908
1065,1838.75,0.175496498
1066,1838.833333,0.181654741
1067,1838.916667,0.187279024
1068,1839.0,0.192415458
1069,1839.083333,0.197106242
1070,1839.166667,0.201389967
1071,1839.25,0.205301885
1072,1839.333333,0.208874193
1073,1839.416667,0.212136324
1074,1839.5,0.215115153
1075,1839.583333,0.217835281
1076,1839.666667,0.220319152
1077,1839.75,0.222587284
1078,1839.833333,0.224658401
1079,1839.916667,0.226549585
1080,1840.0,0.228276449
1081,1840.083333,0.22985327
1082,1840.166667,0.231293094
1083,1840.25,0.232607844
1084,1840.333333,0.233808368
1085,1840.416667,0.234904576
1086,1840.5,0.235905511
1087,1840.583333,0.236819461
1088,1840.666667,0.237653996
1089,1840.75,0.238416041
1090,1840.833333,0.239111872
1091,1840.916667,0.239747232
1092,1841.0,0.240327361
1093,1841.083333,0.240857067
1094,1841.166667,0.241340751
1095,1841.25,0.241782426
1096,1841.333333,0.242185732
1097,1841.416667,0.24255399
1098,1841.5,0.242890227
1099,1841.583333,0.243197229
1100,1841.666667,0.243477567
1101,1841.75,0.243733556
1102,1841.833333,0.243967309
1103,1841.916667,0.244180743
1104,1842.0,0.244375611
1105,1842.083333,0.244553534
1106,1842.166667,0.244716004
1107,1842.25,0.244864378
1108,1842.333333,0.244999876
1109,1842.416667,0.24512359
1110,1842.5,0.245236528
1111,1842.583333,0.245339642
1112,1842.666667,0.2454338
1113,1842.75,0.245519798
1114,1842.833333,0.245598332
1115,1842.916667,0.245670029
1116,1843.0,0.245735482
1117,1843.083333,0.245795236
1118,1843.166667,0.2458498
1119,1843.25,0.24589965
1120,1843.333333,0.245945178
1121,1843.416667,0.245986737
1122,1843.5,0.246024676
1123,1843.583333,0.246059304
1124,1843.666667,0.246090923
1125,1843.75,0.246119817
1126,1843.833333,0.246146205
1127,1843.916667,0.246170292
1128,1844.0,0.246192272
1129,1844.083333,0.098156171
1130,1844.166667,-0.00338788
1131,1844.25,-0.070122755
1132,1844.333333,-0.110976961
1133,1844.416667,-0.132759743
1134,1844.5,-0.140651077
1135,1844.583333,-0.13858051
1136,1844.666667,-0.129518232
1137,1844.75,-0.115699898
1138,1844.833333,-0.098798639
1139,1844.916667,-0.080056951
1140,1845.0,-0.060388031
1141,1845.083333,-0.040454006
1142,1845.166667,-0.020726702
1143,1845.25,-0.001534502
1144,1845.333333,0.016902022
1145,1845.416667,0.034442362
1146,1845.5,0.051004854
1147,1845.583333,0.0665509
1148,1845.666667,0.081073049
1149,1845.75,0.094585892
1150,1845.833333,0.107119489
1151,1845.916667,0.118714191
1152,1846.0,0.129417109
1153,1846.083333,0.139279263
1154,1846.166667,0.148353365
1155,1846.25,0.156692318
1156,1846.333333,0.164347995
1157,1846.416667,0.171370557
1158,1846.5,0.177807823
1159,1846.583333,0.183705081
1160,1846.666667,0.189104887
1161,1846.75,0.194047055
1162,1846.833333,0.198568663
1163,1846.916667,0.202704144
1164,1847.0,0.206485445
1165,1847.083333,0.209942144
1166,1847.166667,0.213101536
1167,1847.25,0.215988804
1168,1847.333333,0.218627044
1169,1847.416667,0.221037489
1170,1847.5,0.223239603
1171,1847.583333,0.225251247
1172,1847.666667,0.227088796
1173,1847.75,0.228767216
1174,1847.833333,0.230300205
1175,1847.916667,0.231700276
1176,1848.0,0.232978892
1177,1848.083333,0.234146553
1178,1848.166667,0.235212894
1179,1848.25,0.236186694
1180,1848.333333,0.23707596
1181,1848.416667,0.237888021
1182,1848.5,0.238629543
1183,1848.583333,0.239306662
1184,1848.666667,0.23992498
1185,1848.75,0.240489613
1186,1848.833333,0.24100521
1187,1848.916667,0.241476007
1188,1849.0,0.241905882
1189,1849.083333,0.242298394
1190,1849.166667,0.242656812
1191,1849.25,0.242984107
1192,1849.333333,0.243282979
1193,1849.416667,0.243555883
1194,1849.5,0.243805052
1195,1849.583333,0.244032561
1196,1849.666667,0.244240299
1197,1849.75,0.244430004
1198,1849.833333,0.244603237
1199,1849.916667,0.244761406
1200,1850.0,0.244905811
1201,1850.083333,0.245044525
1202,1850.166667,0.245172922
1203,1850.25,0.245291377
1204,1850.333333,0.245403125
1205,1850.416667,0.245500937
1206,1850.5,0.245586684
1207,1850.583333,0.245647155
1208,1850.666667,0.245716295
1209,1850.75,0.245779276
1210,1850.833333,0.245853621
1211,1850.916667,0.245931086
1212,1851.0,0.245981187
1213,1851.083333,0.246027502
1214,1851.166667,0.246083028
1215,1851.25,0.246133147
1216,1851.333333,0.246189357
1217,1851.416667,0.246220706
1218,1851.5,0.246239229
1219,1851.583333,0.246209976
1220,1851.666667,0.246226695
1221,1851.75,0.246242622
1222,1851.833333,0.244972562
1223,1851.916667,0.243584262
1224,1852.0,0.242018596
1225,1852.083333,0.240311419
1226,1852.166667,0.238570542
1227,1852.25,0.238373841
1228,1852.333333,0.23818268
1229,1852.416667,0.237823314
1230,1852.5,0.237633494
1231,1852.583333,0.237235914
1232,1852.666667,0.236857204
1233,1852.75,0.236414331
1234,1852.833333,0.238290641
1235,1852.916667,0.240206073
1236,1853.0,0.242185844
1237,1853.083333,0.244294694
1238,1853.166667,0.246580886
1239,1853.25,0.246611097
1240,1853.333333,0.246662664
1241,1853.416667,0.246658125
1242,1853.5,0.246630638
1243,1853.583333,0.24650254
1244,1853.666667,0.246487914
1245,1853.75,0.246476758
1246,1853.833333,0.246546145
1247,1853.916667,0.246641446
1248,1854.0,0.246633513
1249,1854.083333,0.246629833
1250,1854.166667,0.246673885
1251,1854.25,0.246707829
1252,1854.333333,0.246769555
1253,1854.416667,0.246758444
1254,1854.5,0.246718307
1255,1854.583333,0.246550203
1256,1854.666667,0.246528523
1257,1854.75,0.246511658
1258,1854.833333,0.246596756
1259,1854.916667,0.246713832
1260,1855.0,0.24670066
1261,1855.083333,0.038968624
1262,1855.166667,-0.102835849
1263,1855.25,-0.19547247
1264,1855.333333,-0.25161967
1265,1855.416667,-0.281083264
1266,1855.5,-0.291156517
1267,1855.583333,-0.287519068
1268,1855.666667,-0.274026972
1269,1855.75,-0.253997945
1270,1855.833333,-0.229660295
1271,1855.916667,-0.202834582
1272,1856.0,-0.174986027
1273,1856.083333,-0.146865313
1274,1856.166667,-0.119057633
1275,1856.25,-0.092096936
1276,1856.333333,-0.066224498
1277,1856.416667,-0.041772964
1278,1856.5,-0.018781364
1279,1856.583333,0.002563841
1280,1856.666667,0.022655474
1281,1856.75,0.04131616
1282,1856.833333,0.058731452
1283,1856.916667,0.074862568
1284,1857.0,0.089551027
1285,1857.083333,0.10306676
1286,1857.166667,0.115559744
1287,1857.25,0.127005808
1288,1857.333333,0.137544405
1289,1857.416667,0.147077488
1290,1857.5,0.155749238
1291,1857.583333,0.16346136
1292,1857.666667,0.170730068
1293,1857.75,0.177375105
1294,1857.833333,0.183606366
1295,1857.916667,0.189356405
1296,1858.0,0.194407573
1297,1858.083333,0.199025639
1298,1858.166667,0.203331463
1299,1858.25,0.207244886
1300,1858.333333,0.210871639
1301,1858.416667,0.214048073
1302,1858.5,0.216887581
1303,1858.583333,0.219230803
1304,1858.666667,0.221616726
1305,1858.75,0.223797563
1306,1858.833333,0.225969884
1307,1858.916667,0.22801946
1308,1859.0,0.229665741
1309,1859.083333,0.231177313
1310,1859.166667,0.232659482
1311,1859.25,0.233994549
1312,1859.333333,0.235275836
1313,1859.416667,0.236296935
1314,1859.5,0.237163931
1315,1859.583333,0.237679695
1316,1859.666667,0.238428914
1317,1859.75,0.239118126
1318,1859.833333,0.239951572
1319,1859.916667,0.240788135
1320,1860.0,0.24130271
1321,1860.083333,0.241784578
1322,1860.166667,0.242339636
1323,1860.25,0.242827713
1324,1860.333333,0.243343731
1325,1860.416667,0.24365145
1326,1860.5,0.243861446
1327,1860.583333,0.243749729
1328,1860.666667,0.243956767
1329,1860.75,0.244152529
1330,1860.833333,0.24455732
1331,1860.916667,0.245010798
1332,1861.0,0.245150174
1333,1861.083333,0.226120315
1334,1861.166667,0.21295103
1335,1861.25,0.188347318
1336,1861.333333,0.141314872
1337,1861.416667,0.096182386
1338,1861.5,0.069392862
1339,1861.583333,0.053948286
1340,1861.666667,0.046179031
1341,1861.75,0.043613297
1342,1861.833333,0.045253816
1343,1861.916667,0.051237462
1344,1862.0,0.059548167
1345,1862.083333,0.065504456
1346,1862.166667,0.069298057
1347,1862.25,0.072631788
1348,1862.333333,0.076135758
1349,1862.416667,0.080670251
1350,1862.5,0.088230853
1351,1862.583333,0.09912063
1352,1862.666667,0.112555774
1353,1862.75,0.12487994
1354,1862.833333,0.135578619
1355,1862.916667,0.146705982
1356,1863.0,0.1582878
1357,1863.083333,-0.268900651
1358,1863.166667,-0.560665828
1359,1863.25,-0.749751491
1360,1863.333333,-0.862634287
1361,1863.416667,-0.919792905
1362,1863.5,-0.935857526
1363,1863.583333,-0.922769134
1364,1863.666667,-0.888898017
1365,1863.75,-0.842129266
1366,1863.833333,-0.787100181
1367,1863.916667,-0.72521685
1368,1864.0,-0.65954628
1369,1864.083333,-0.596228708
1370,1864.166667,-0.536240255
1371,1864.25,-0.478231499
1372,1864.333333,-0.422668299
1373,1864.416667,-0.370243482
1374,1864.5,-0.320857307
1375,1864.583333,-0.274896096
1376,1864.666667,-0.2315494
1377,1864.75,-0.191396132
1378,1864.833333,-0.154017206
1379,1864.916667,-0.117737136
1380,1865.0,-0.082992203
1381,1865.083333,-0.052761826
1382,1865.166667,-0.026580392
1383,1865.25,-0.002606404
1384,1865.333333,0.019454367
1385,1865.416667,0.039399094
1386,1865.5,0.057533448
1387,1865.583333,0.073660374
1388,1865.666667,0.088852193
1389,1865.75,0.102733904
1390,1865.833333,0.115737056
1391,1865.916667,0.127727953
1392,1866.0,0.138263542
1393,1866.083333,0.14789607
1394,1866.166667,0.15686162
1395,1866.25,0.165006062
1396,1866.333333,0.172541963
1397,1866.416667,0.179152648
1398,1866.5,0.185065779
1399,1866.583333,0.189977965
1400,1866.666667,0.194943364
1401,1866.75,0.199478635
1402,1866.833333,0.203965092
1403,1866.916667,0.208183278
1404,1867.0,0.211592584
1405,1867.083333,0.214727716
1406,1867.166667,0.217780891
1407,1867.25,0.220530853
1408,1867.333333,0.223154201
1409,1867.416667,0.2252698
1410,1867.5,0.227077909
1411,1867.583333,0.228219006
1412,1867.666667,0.229777657
1413,1867.75,0.231208691
1414,1867.833333,0.232887746
1415,1867.916667,0.234555442
1416,1868.0,0.235613491
1417,1868.083333,0.236609016
1418,1868.166667,0.237724494
1419,1868.25,0.238707049
1420,1868.333333,0.239726829
1421,1868.416667,0.240365477
1422,1868.5,0.240820909
1423,1868.583333,0.240700424
1424,1868.666667,0.241140321
1425,1868.75,0.241552726
1426,1868.833333,0.2423254
1427,1868.916667,0.243175273
1428,1869.0,0.243460884
1429,1869.083333,0.243755602
1430,1869.166667,0.244244447
1431,1869.25,0.244654171
1432,1869.333333,0.245158874
1433,1869.416667,0.245312226
1434,1869.5,0.245318438
1435,1869.583333,0.244759312
1436,1869.666667,0.244830383
1437,1869.75,0.244907289
1438,1869.833333,0.245396065
1439,1869.916667,0.245995171
1440,1870.0,0.246024746
1441,1870.083333,0.246089126
1442,1870.166667,0.246380024
1443,1870.25,0.246607399
1444,1870.333333,0.246952638
1445,1870.416667,0.246944681
1446,1870.5,0.246796688
1447,1870.583333,0.246067582
1448,1870.666667,0.24601465
1449,1870.75,0.245979084
1450,1870.833333,0.246387164
1451,1870.916667,0.246920648
1452,1871.0,0.246862689
1453,1871.083333,0.24685028
1454,1871.166667,0.247083114
1455,1871.25,0.247255538
1456,1871.333333,0.247557359
1457,1871.416667,0.247493744
1458,1871.5,0.247287697
1459,1871.583333,0.246476132
1460,1871.666667,0.246379038
1461,1871.75,0.246303655
1462,1871.833333,0.246697365
1463,1871.916667,0.247225629
1464,1872.0,0.247134946
1465,1872.083333,0.247095821
1466,1872.166667,0.247316187
1467,1872.25,0.247475235
1468,1872.333333,0.247771481
1469,1872.416667,0.247686608
1470,1872.5,0.247453814
1471,1872.583333,0.246588101
1472,1872.666667,0.246472869
1473,1872.75,0.246381359
1474,1872.833333,0.22207331
1475,1872.916667,0.197538156
1476,1873.0,0.172077308
1477,1873.083333,0.146155546
1478,1873.166667,0.121380438
1479,1873.25,0.122225911
1480,1873.333333,0.12300652
1481,1873.416667,0.121473068
1482,1873.5,0.122471447
1483,1873.583333,0.120874164
1484,1873.666667,0.119263455
1485,1873.75,0.116879867
1486,1873.833333,0.143623901
1487,1873.916667,0.169413511
1488,1874.0,0.194965554
1489,1874.083333,0.220836434
1490,1874.166667,0.247414697
1491,1874.25,0.247578485
1492,1874.333333,0.247892248
1493,1874.416667,0.247790853
1494,1874.5,0.247528015
1495,1874.583333,0.246575064
1496,1874.666667,0.246443129
1497,1874.75,0.246337142
1498,1874.833333,0.246769022
1499,1874.916667,0.247356104
1500,1875.0,0.247234017
1501,1875.083333,0.247175854
1502,1875.166667,0.247414985
1503,1875.25,0.247584776
1504,1875.333333,0.247910598
1505,1875.416667,0.247803935
1506,1875.5,0.247528668
1507,1875.583333,0.246534256
1508,1875.666667,0.246396219
1509,1875.75,0.24628496
1510,1875.833333,0.246734294
1511,1875.916667,0.247345394
1512,1876.0,0.247216505
1513,1876.083333,0.233211151
1514,1876.166667,0.223972905
1515,1876.25,0.217983622
1516,1876.333333,0.214612365
1517,1876.416667,0.212589587
1518,1876.5,0.211690951
1519,1876.583333,0.210967793
1520,1876.666667,0.211777637
1521,1876.75,0.213044659
1522,1876.833333,0.215167806
1523,1876.916667,0.217616331
1524,1877.0,0.219366598
1525,1877.083333,0.221200892
1526,1877.166667,0.223326575
1527,1877.25,0.225316768
1528,1877.333333,0.227395341
1529,1877.416667,0.228914905
1530,1877.5,0.230153102
1531,1877.583333,0.230512986
1532,1877.666667,0.231700331
1533,1877.75,0.23281793
1534,1877.833333,0.234447641
1535,1877.916667,0.236162517
1536,1878.0,0.236990406
1537,1878.083333,0.237814843
1538,1878.166667,0.238899756
1539,1878.25,0.239837332
1540,1878.333333,0.240885054
1541,1878.416667,0.24138899
1542,1878.5,0.241648014
1543,1878.583333,0.241050068
1544,1878.666667,0.241370093
1545,1878.75,0.241677165
1546,1878.833333,0.242575312
1547,1878.916667,0.243620014
1548,1879.0,0.24379894
1549,1879.083333,0.244028779
1550,1879.166667,0.244579019
1551,1879.25,0.2450234
1552,1879.333333,0.245625429
1553,1879.416667,0.245704689
1554,1879.5,0.245567276
1555,1879.583333,0.244576272
1556,1879.666667,0.244569959
1557,1879.75,0.244579262
1558,1879.833333,0.234465801
1559,1879.916667,0.224387026
1560,1880.0,0.213329679
1561,1880.083333,0.202140894
1562,1880.166667,0.191701039
1563,1880.25,0.192327359
1564,1880.333333,0.193040787
1565,1880.416667,0.192399402
1566,1880.5,0.192706907
1567,1880.583333,0.191305051
1568,1880.666667,0.190590736
1569,1880.75,0.189558879
1570,1880.833333,0.190414055
1571,1880.916667,0.190823856
1572,1881.0,0.190400745
1573,1881.083333,0.189946561
1574,1881.166667,0.190439483
1575,1881.25,0.191034814
1576,1881.333333,0.191724841
1577,1881.416667,0.191019871
1578,1881.5,0.191297874
1579,1881.583333,0.189812875
1580,1881.666667,0.189044536
1581,1881.75,0.187951002
1582,1881.833333,0.20029481
1583,1881.916667,0.212329718
1584,1882.0,0.223609776
1585,1882.083333,0.235077254
1586,1882.166667,0.247096792
1587,1882.25,0.247322404
1588,1882.333333,0.24774469
1589,1882.416667,0.247610775
1590,1882.5,0.247254871
1591,1882.583333,0.245971859
1592,1882.666667,0.245798503
1593,1882.75,0.245655966
1594,1882.833333,0.246236076
1595,1882.916667,0.247024612
1596,1883.0,0.246851312
1597,1883.083333,0.246774985
1598,1883.166667,0.24709645
1599,1883.25,0.247323481
1600,1883.333333,0.247753492
1601,1883.416667,0.247610025
1602,1883.5,0.247237125
1603,1883.583333,0.225161371
1604,1883.666667,-0.788958299
1605,1883.75,-1.42841092
1606,1883.833333,-1.534301901
1607,1883.916667,-1.530758701
1608,1884.0,-1.502092568
1609,1884.083333,-1.777299884
1610,1884.166667,-1.932076315
1611,1884.25,-2.023848814
1612,1884.333333,-2.068003775
1613,1884.416667,-2.074711296
1614,1884.5,-2.042421759
1615,1884.583333,-1.976528003
1616,1884.666667,-1.879202993
1617,1884.75,-1.76308409
1618,1884.833333,-1.633511528
1619,1884.916667,-1.502848028
1620,1885.0,-1.366586939
1621,1885.083333,-1.231265323
1622,1885.166667,-1.100606201
1623,1885.25,-0.978276246
1624,1885.333333,-0.86655267
1625,1885.416667,-0.770457187
1626,1885.5,-0.675840084
1627,1885.583333,-0.583875704
1628,1885.666667,-0.496663911
1629,1885.75,-0.417570092
1630,1885.833333,-0.345604185
1631,1885.916667,-0.282916566
1632,1886.0,-0.223195455
1633,1886.083333,-0.20309716
1634,1886.166667,-0.179117567
1635,1886.25,-0.152835303
1636,1886.333333,-0.126703223
1637,1886.416667,-0.107302455
1638,1886.5,-0.113649431
1639,1886.583333,-0.138141446
1640,1886.666667,-0.158869431
1641,1886.75,-0.169050558
1642,1886.833333,-0.167070597
1643,1886.916667,-0.15224243
1644,1887.0,-0.103061048
1645,1887.083333,-0.083917032
1646,1887.166667,-0.070226406
1647,1887.25,-0.057377206
1648,1887.333333,-0.04406117
1649,1887.416667,-0.029212125
1650,1887.5,-0.00905247
1651,1887.583333,0.017073146
1652,1887.666667,0.047841699
1653,1887.75,0.074948609
1654,1887.833333,0.097261348
1655,1887.916667,0.119153061
1656,1888.0,0.14065672
1657,1888.083333,0.154256227
1658,1888.166667,0.161749254
1659,1888.25,0.167868815
1660,1888.333333,0.173362373
1661,1888.416667,0.177844199
1662,1888.5,0.182557334
1663,1888.583333,0.187146104
1664,1888.666667,0.193437492
1665,1888.75,0.198849895
1666,1888.833333,0.209796437
1667,1888.916667,0.225514672
1668,1889.0,0.232965859
1669,1889.083333,0.23411141
1670,1889.166667,0.235619324
1671,1889.25,0.236908966
1672,1889.333333,0.238341527
1673,1889.416667,0.239007222
1674,1889.5,0.239315719
1675,1889.583333,0.23841114
1676,1889.666667,0.238819619
1677,1889.75,0.239203291
1678,1889.833333,0.240426877
1679,1889.916667,0.241861137
1680,1890.0,0.24205917
1681,1890.083333,0.242346349
1682,1890.166667,0.243088043
1683,1890.25,0.243679586
1684,1890.333333,0.244484875
1685,1890.416667,0.244564166
1686,1890.5,0.244331328
1687,1890.583333,0.030351252
1688,1890.666667,-0.155346159
1689,1890.75,-0.197839104
1690,1890.833333,-0.230798081
1691,1890.916667,-0.268522484
1692,1891.0,-0.233824869
1693,1891.083333,-0.198515661
1694,1891.166667,-0.154299275
1695,1891.25,-0.124271478
1696,1891.333333,-0.090340974
1697,1891.416667,-0.071141279
1698,1891.5,-0.039593636
1699,1891.583333,-0.02801753
1700,1891.666667,-0.016416096
1701,1891.75,-0.001701349
1702,1891.833333,0.01443375
1703,1891.916667,0.03615
1704,1892.0,0.051117221
1705,1892.083333,-0.015763591
1706,1892.166667,-0.047377025
1707,1892.25,-0.069230049
1708,1892.333333,-0.075350087
1709,1892.416667,-0.075860831
1710,1892.5,-0.064324057
1711,1892.583333,-0.060071483
1712,1892.666667,-0.045919078
1713,1892.75,-0.033961538
1714,1892.833333,-0.017438212
1715,1892.916667,0.006044543
1716,1893.0,0.099576079
1717,1893.083333,0.110402387
1718,1893.166667,0.12146525
1719,1893.25,0.131956203
1720,1893.333333,0.142170043
1721,1893.416667,0.151040288
1722,1893.5,0.158982626
1723,1893.583333,0.165040361
1724,1893.666667,0.172032515
1725,1893.75,0.178477391
1726,1893.833333,0.185363381
1727,1893.916667,0.192017314
1728,1894.0,0.196854958
1729,1894.083333,0.20138729
1730,1894.166667,0.206046187
1731,1894.25,0.2101876
1732,1894.333333,0.21424033
1733,1894.416667,0.217196286
1734,1894.5,0.219531954
1735,1894.583333,0.220295033
1736,1894.666667,0.222389962
1737,1894.75,0.224294658
1738,1894.833333,0.227015602
1739,1894.916667,0.229848508
1740,1895.0,0.231149945
1741,1895.083333,0.232451746
1742,1895.166667,0.234175298
1743,1895.25,0.235639082
1744,1895.333333,0.237261363
1745,1895.416667,0.237990888
1746,1895.5,0.238295155
1747,1895.583333,0.237181405
1748,1895.666667,0.237611872
1749,1895.75,0.238007933
1750,1895.833333,0.239388468
1751,1895.916667,0.241018127
1752,1896.0,0.241198987
1753,1896.083333,0.241491585
1754,1896.166667,0.242316868
1755,1896.25,0.242966522
1756,1896.333333,0.243859564
1757,1896.416667,0.243913446
1758,1896.5,0.243597656
1759,1896.583333,0.241890029
1760,1896.666667,0.241821483
1761,1896.75,0.241766672
1762,1896.833333,0.24276605
1763,1896.916667,0.244061859
1764,1897.0,0.243909333
1765,1897.083333,0.243905505
1766,1897.166667,0.244477487
1767,1897.25,0.244896297
1768,1897.333333,0.245587684
1769,1897.416667,0.245442585
1770,1897.5,0.244937471
1771,1897.583333,0.243024724
1772,1897.666667,0.242808885
1773,1897.75,0.242620472
1774,1897.833333,0.243525533
1775,1897.916667,0.244746465
1776,1898.0,0.244494141
1777,1898.083333,0.244404382
1778,1898.166667,0.244913345
1779,1898.25,0.245272833
1780,1898.333333,0.245917186
1781,1898.416667,0.245712406
1782,1898.5,0.245143462
1783,1898.583333,0.243138465
1784,1898.666667,0.242877261
1785,1898.75,0.242647218
1786,1898.833333,0.243540783
1787,1898.916667,0.244761681
1788,1899.0,0.244476599
1789,1899.083333,0.244361518
1790,1899.166667,0.244861885
1791,1899.25,0.245211092
1792,1899.333333,0.245852451
1793,1899.416667,0.24562771
1794,1899.5,0.245030311
1795,1899.583333,0.242964601
1796,1899.666667,0.242686746
1797,1899.75,0.24244074
1798,1899.833333,0.243346319
1799,1899.916667,0.244588198
1800,1900.0,0.244289144
1801,1900.083333,0.244165565
1802,1900.166667,0.244672467
1803,1900.25,0.245025037
1804,1900.333333,0.24567552
1805,1900.416667,0.245441542
1806,1900.5,0.244825262
1807,1900.583333,0.242707142
1808,1900.666667,0.242420552
1809,1900.75,0.242165521
1810,1900.833333,0.243089399
1811,1900.916667,0.244358074
1812,1901.0,0.244053688
1813,1901.083333,0.243929978
1814,1901.166667,0.244448981
1815,1901.25,0.244809259
1816,1901.333333,0.245469214
1817,1901.416667,0.245232645
1818,1901.5,0.244608773
1819,1901.583333,0.242470975
1820,1901.666667,0.242188014
1821,1901.75,0.241936738
1822,1901.833333,0.242871184
1823,1901.916667,0.244149082
1824,1902.0,0.243843654
1825,1902.083333,0.243719965
1826,1902.166667,0.244241088
1827,1902.25,0.244602683
1828,1902.333333,0.245263378
1829,1902.416667,0.245026109
1830,1902.5,0.244398878
1831,1902.583333,0.242253177
1832,1902.666667,0.238925998
1833,1902.75,-0.051154337
1834,1902.833333,-0.811117848
1835,1902.916667,-1.235337953
1836,1903.0,-0.965948781
1837,1903.083333,-0.769231407
1838,1903.166667,-0.798569948
1839,1903.25,-0.796716266
1840,1903.333333,-0.770696589
1841,1903.416667,-0.730824765
1842,1903.5,-0.682511538
1843,1903.583333,-0.642027005
1844,1903.666667,-0.607185146
1845,1903.75,-0.57599823
1846,1903.833333,-0.535726595
1847,1903.916667,-0.531270195
1848,1904.0,-0.562896132
1849,1904.083333,-0.522781239
1850,1904.166667,-0.430322109
1851,1904.25,-0.348991236
1852,1904.333333,-0.279221771
1853,1904.416667,-0.225300991
1854,1904.5,-0.178390404
1855,1904.583333,-0.141799374
1856,1904.666667,-0.108855309
1857,1904.75,-0.08088607
1858,1904.833333,-0.053401885
1859,1904.916667,-0.016413636
1860,1905.0,0.026927744
1861,1905.083333,0.059174136
1862,1905.166667,0.079695702
1863,1905.25,0.097347706
1864,1905.333333,0.112868128
1865,1905.416667,0.124867209
1866,1905.5,0.135763797
1867,1905.583333,0.144014555
1868,1905.666667,0.15326334
1869,1905.75,0.161118927
1870,1905.833333,0.169328434
1871,1905.916667,0.184952259
1872,1906.0,0.205448972
1873,1906.083333,0.216934948
1874,1906.166667,0.220450796
1875,1906.25,0.223429136
1876,1906.333333,0.22637497
1877,1906.416667,0.228067847
1878,1906.5,0.229248186
1879,1906.583333,0.228680885
1880,1906.666667,0.229836968
1881,1906.75,0.230816291
1882,1906.833333,0.232892751
1883,1906.916667,0.235960954
1884,1907.0,0.237894728
1885,1907.083333,0.238897273
1886,1907.166667,0.239630818
1887,1907.25,0.180473217
1888,1907.333333,-0.185593164
1889,1907.416667,0.053691556
1890,1907.5,-0.161770801
1891,1907.583333,-0.0098947
1892,1907.666667,0.027912098
1893,1907.75,0.147313313
1894,1907.833333,-0.06019874
1895,1907.916667,0.052980633
1896,1908.0,0.101076369
1897,1908.083333,-0.062963703
1898,1908.166667,0.021382594
1899,1908.25,0.121244643
1900,1908.333333,0.243944267
1901,1908.416667,0.243702748
1902,1908.5,0.243053934
1903,1908.583333,0.240857836
1904,1908.666667,0.240571821
1905,1908.75,0.240308547
1906,1908.833333,0.241261589
1907,1908.916667,0.242570206
1908,1909.0,0.242259043
1909,1909.083333,0.242135621
1910,1909.166667,0.242672949
1911,1909.25,0.243044423
1912,1909.333333,0.243710402
1913,1909.416667,0.243468212
1914,1909.5,0.242815549
1915,1909.583333,0.240610487
1916,1909.666667,0.240324019
1917,1909.75,0.240058883
1918,1909.833333,0.241014789
1919,1909.916667,0.242328082
1920,1910.0,0.242016404
1921,1910.083333,0.241893055
1922,1910.166667,0.242432716
1923,1910.25,0.242805719
1924,1910.333333,0.243472556
1925,1910.416667,0.243229618
1926,1910.5,0.242573069
1927,1910.583333,0.240358875
1928,1910.666667,0.240071924
1929,1910.75,0.239804943
1930,1910.833333,0.240763745
1931,1910.916667,0.242081921
1932,1911.0,0.24176958
1933,1911.083333,0.241646278
1934,1911.166667,0.242188601
1935,1911.25,0.242563079
1936,1911.333333,0.243230727
1937,1911.416667,0.242986969
1938,1911.5,0.242326475
1939,1911.583333,0.240103017
1940,1911.666667,0.239815625
1941,1911.75,0.239546733
1942,1911.833333,0.240508548
1943,1911.916667,0.241831506
1944,1912.0,0.241518807
1945,1912.083333,0.241395538
1946,1912.166667,0.241940291
1947,1912.25,0.242316399
1948,1912.333333,0.2049287
1949,1912.416667,-0.031207967
1950,1912.5,-0.461012053
1951,1912.583333,-0.798047613
1952,1912.666667,-0.951727918
1953,1912.75,-1.026302885
1954,1912.833333,-1.045398761
1955,1912.916667,-0.950377178
1956,1913.0,-0.756348469
1957,1913.083333,-0.588235083
1958,1913.166667,-0.471149287
1959,1913.25,-0.360835388
1960,1913.333333,-0.263281302
1961,1913.416667,-0.190012713
1962,1913.5,-0.130636185
1963,1913.583333,-0.091950673
1964,1913.666667,-0.061893119
1965,1913.75,-0.036861164
1966,1913.833333,-0.009729115
1967,1913.916667,-0.026591623
1968,1914.0,-0.085542058
1969,1914.083333,-0.08295125
1970,1914.166667,-0.031816646
1971,1914.25,0.010462789
1972,1914.333333,0.045128015
1973,1914.416667,0.069926223
1974,1914.5,0.08938972
1975,1914.583333,0.101711538
1976,1914.666667,0.112341649
1977,1914.75,0.120430266
1978,1914.833333,0.128927209
1979,1914.916667,0.152252366
1980,1915.0,0.187274032
1981,1915.083333,0.20619475
1982,1915.166667,0.209967485
1983,1915.25,0.213062665
1984,1915.333333,0.215962519
1985,1915.416667,0.217423104
1986,1915.5,0.21835654
1987,1915.583333,0.217585586
1988,1915.666667,0.218723802
1989,1915.75,0.219683538
1990,1915.833333,0.221806622
1991,1915.916667,0.22812222
1992,1916.0,0.236327138
1993,1916.083333,0.240325273
1994,1916.166667,0.240876597
1995,1916.25,0.241250766
1996,1916.333333,0.241910123
1997,1916.416667,0.241649147
1998,1916.5,0.240958136
1999,1916.583333,0.238680295
2000,1916.666667,0.238386109
2001,1916.75,0.238103845
2002,1916.833333,0.2390782
2003,1916.916667,0.240447826
2004,1917.0,0.240179873
2005,1917.083333,0.24008033
2006,1917.166667,0.240638501
2007,1917.25,0.241022817
2008,1917.333333,0.241695743
2009,1917.416667,0.241447076
2010,1917.5,0.240761498
2011,1917.583333,0.238479365
2012,1917.666667,0.238188803
2013,1917.75,0.237907827
2014,1917.833333,0.238888389
2015,1917.916667,0.240242316
2016,1918.0,0.239928121
2017,1918.083333,0.239805096
2018,1918.166667,0.240366071
2019,1918.25,0.240752142
2020,1918.333333,0.241425915
2021,1918.416667,0.241176381
2022,1918.5,0.240486428
2023,1918.583333,0.238193903
2024,1918.666667,0.237902848
2025,1918.75,0.237619731
2026,1918.833333,0.238603552
2027,1918.916667,0.23996299
2028,1919.0,0.239648715
2029,1919.083333,0.239525725
2030,1919.166667,0.24008951
2031,1919.25,0.240477304
2032,1919.333333,0.241152106
2033,1919.416667,0.240901717
2034,1919.5,0.240207211
2035,1919.583333,0.237904268
2036,1919.666667,0.237612618
2037,1919.75,0.237327364
2038,1919.833333,0.23831452
2039,1919.916667,0.239679496
2040,1920.0,0.239365257
2041,1920.083333,0.239242356
2042,1920.166667,0.239808987
2043,1920.25,0.240198598
2044,1920.333333,0.240874253
2045,1920.416667,0.240623056
2046,1920.5,0.239923993
2047,1920.583333,0.237610422
2048,1920.666667,0.237318222
2049,1920.75,0.237030771
2050,1920.833333,0.23802137
2051,1920.916667,0.239391839
2052,1921.0,0.239077736
2053,1921.083333,0.238954856
2054,1921.166667,0.2395244
2055,1921.25,0.239915809
2056,1921.333333,0.240592464
2057,1921.416667,0.240340347
2058,1921.5,0.239636665
2059,1921.583333,0.237312305
2060,1921.666667,0.237019609
2061,1921.75,0.236729885
2062,1921.833333,0.237723909
2063,1921.916667,0.239100079
2064,1922.0,0.183360832
2065,1922.083333,0.238663218
2066,1922.166667,0.210612528
2067,1922.25,0.105256645
2068,1922.333333,0.080668076
2069,1922.416667,0.067122269
2070,1922.5,-0.006948808
2071,1922.583333,0.09076454
2072,1922.666667,0.029229383
2073,1922.75,0.03972633
2074,1922.833333,0.067685222
2075,1922.916667,0.092051472
2076,1923.0,0.067131218
2077,1923.083333,0.090476194
2078,1923.166667,0.129352755
2079,1923.25,0.117791361
2080,1923.333333,0.105752005
2081,1923.416667,0.130778605
2082,1923.5,0.143513321
2083,1923.583333,0.236703389
2084,1923.666667,0.236409464
2085,1923.75,0.236115231
2086,1923.833333,0.237116351
2087,1923.916667,0.238504159
2088,1924.0,0.238190609
2089,1924.083333,0.23806783
2090,1924.166667,0.238646514
2091,1924.25,0.239043415
2092,1924.333333,0.239723071
2093,1924.416667,0.239468119
2094,1924.5,0.238750224
2095,1924.583333,0.236392679
2096,1924.666667,0.236098162
2097,1924.75,0.235801607
2098,1924.833333,0.236806324
2099,1924.916667,0.23819994
2100,1925.0,0.237886749
2101,1925.083333,0.237764036
2102,1925.166667,0.238345791
2103,1925.25,0.238744602
2104,1925.333333,0.239425164
2105,1925.416667,0.239169338
2106,1925.5,0.238446595
2107,1925.583333,0.236077615
2108,1925.666667,0.235782521
2109,1925.75,0.235483607
2110,1925.833333,0.23649194
2111,1925.916667,0.237891624
2112,1926.0,0.23757881
2113,1926.083333,0.237456128
2114,1926.166667,0.238041082
2115,1926.25,0.238441766
2116,1926.333333,0.239123446
2117,1926.416667,0.238866602
2118,1926.5,0.238138936
2119,1926.583333,0.235758396
2120,1926.666667,0.235462625
2121,1926.75,0.235161445
2122,1926.833333,0.236173401
2123,1926.916667,0.237579222
2124,1927.0,0.237266814
2125,1927.083333,0.237144189
2126,1927.166667,0.237732199
2127,1927.25,0.238134909
2128,1927.333333,0.238817589
2129,1927.416667,0.238559856
2130,1927.5,0.237827155
2131,1927.583333,0.235434886
2132,1927.666667,0.235138533
2133,1927.75,0.234834894
2134,1927.833333,0.235850608
2135,1927.916667,0.237262629
2136,1928.0,0.236950699
2137,1928.083333,0.236828152
2138,1928.166667,0.237419433
2139,1928.25,0.237824063
2140,1928.333333,0.238507839
2141,1928.416667,0.238249039
2142,1928.5,0.2375113
2143,1928.583333,0.235107215
2144,1928.666667,0.234810227
2145,1928.75,0.087813716
2146,1928.833333,0.016855603
2147,1928.916667,0.141570729
2148,1929.0,0.154642491
2149,1929.083333,-0.083772486
2150,1929.166667,0.022899546
2151,1929.25,0.128071433
2152,1929.333333,-0.037562262
2153,1929.416667,0.089302119
2154,1929.5,-0.320963537
2155,1929.583333,-0.129497324
2156,1929.666667,0.047555596
2157,1929.75,-0.026004093
2158,1929.833333,0.140800693
2159,1929.916667,0.129938981
2160,1930.0,0.23630628
2161,1930.083333,0.236183769
2162,1930.166667,0.236781588
2163,1930.25,0.237190324
2164,1930.333333,0.23787623
2165,1930.416667,0.237615482
2166,1930.5,0.236867329
2167,1930.583333,0.234439179
2168,1930.666667,0.234140851
2169,1930.75,0.233829785
2170,1930.833333,0.234857071
2171,1930.916667,0.23628796
2172,1931.0,0.235977874
2173,1931.083333,0.235855547
2174,1931.166667,0.236456693
2175,1931.25,0.236867481
2176,1931.333333,0.237554467
2177,1931.416667,0.237292658
2178,1931.5,0.236539218
2179,1931.583333,0.234098755
2180,1931.666667,0.233799871
2181,1931.75,0.233486253
2182,1931.833333,0.23451741
2183,1931.916667,0.235954816
2184,1932.0,0.235645526
2185,1932.083333,0.23552315
2186,1932.166667,0.236127728
2187,1932.25,0.08937271
2188,1932.333333,-0.069246628
2189,1932.416667,-0.034673695
2190,1932.5,-0.034375401
2191,1932.583333,-0.082999751
2192,1932.666667,0.038149751
2193,1932.75,-0.131528929
2194,1932.833333,-0.02057645
2195,1932.916667,0.140233367
2196,1933.0,0.114412714
2197,1933.083333,0.100050188
2198,1933.166667,0.207159611
2199,1933.25,0.063786653
2200,1933.333333,0.236898906
2201,1933.416667,0.236634998
2202,1933.5,0.235870925
2203,1933.583333,0.233405248
2204,1933.666667,0.233105045
2205,1933.75,0.232786352
2206,1933.833333,0.233825463
2207,1933.916667,0.235276087
2208,1934.0,0.234968458
2209,1934.083333,0.234846208
2210,1934.166667,0.2354576
2211,1934.25,0.235874691
2212,1934.333333,0.236565148
2213,1934.416667,0.236300178
2214,1934.5,0.235530618
2215,1934.583333,0.233052148
2216,1934.666667,0.232751298
2217,1934.75,0.232429894
2218,1934.833333,0.233473194
2219,1934.916667,0.234930542
2220,1935.0,0.23462381
2221,1935.083333,0.234501607
2222,1935.166667,0.235116597
2223,1935.25,0.23553581
2224,1935.333333,0.236227311
2225,1935.416667,0.235961348
2226,1935.5,0.235186195
2227,1935.583333,0.23269489
2228,1935.666667,0.232393345
2229,1935.75,0.232069352
2230,1935.833333,0.233116705
2231,1935.916667,0.234580772
2232,1936.0,0.234275098
2233,1936.083333,0.234152941
2234,1936.166667,0.234771451
2235,1936.25,0.235192872
2236,1936.333333,0.235885579
2237,1936.416667,0.235618469
2238,1936.5,0.23483777
2239,1936.583333,0.232333344
2240,1936.666667,0.232031091
2241,1936.75,0.231704369
2242,1936.833333,0.23275598
2243,1936.916667,0.234226994
2244,1937.0,0.233922284
2245,1937.083333,0.233800174
2246,1937.166667,0.234422286
2247,1937.25,0.234845921
2248,1937.333333,0.235539829
2249,1937.416667,0.235271609
2250,1937.5,0.234485248
2251,1937.583333,0.231967642
2252,1937.666667,0.231664627
2253,1937.75,0.231335193
2254,1937.833333,0.232390985
2255,1937.916667,0.233869061
2256,1938.0,0.233565361
2257,1938.083333,0.23344342
2258,1938.166667,0.234069109
2259,1938.25,0.234494967
2260,1938.333333,0.23519003
2261,1938.416667,0.234920752
2262,1938.5,0.234128588
2263,1938.583333,0.23159764
2264,1938.666667,0.231293922
2265,1938.75,0.230961754
2266,1938.833333,0.232021847
2267,1938.916667,0.233506881
2268,1939.0,0.23320449
2269,1939.083333,0.233082478
2270,1939.166667,0.233711877
2271,1939.25,0.234140016
2272,1939.333333,0.234836255
2273,1939.416667,0.234565813
2274,1939.5,0.233767955
2275,1939.583333,0.231223402
2276,1939.666667,0.230918984
2277,1939.75,0.230584043
2278,1939.833333,0.231648453
2279,1939.916667,0.233140623
2280,1940.0,0.23283938
2281,1940.083333,0.232717486
2282,1940.166667,0.233350624
2283,1940.25,0.233781029
2284,1940.333333,0.234478487
2285,1940.416667,0.234206907
2286,1940.5,0.233403181
2287,1940.583333,0.230844976
2288,1940.666667,0.230539864
2289,1940.75,0.230202053
2290,1940.833333,0.231270842
2291,1940.916667,0.232770255
2292,1941.0,0.232470311
2293,1941.083333,0.232348443
2294,1941.166667,0.232985322
2295,1941.25,0.233418032
2296,1941.333333,0.234116772
2297,1941.416667,0.233844002
2298,1941.5,0.233034333
2299,1941.583333,0.230462249
2300,1941.666667,0.230156479
2301,1941.75,0.229815854
2302,1941.833333,0.230889019
2303,1941.916667,0.232395755
2304,1942.0,0.232097051
2305,1942.083333,0.231975311
2306,1942.166667,0.232615922
2307,1942.25,0.233050982
2308,1942.333333,0.233750996
2309,1942.416667,0.233477081
2310,1942.5,0.232661426
2311,1942.583333,0.230075404
2312,1942.666667,0.229768873
2313,1942.75,0.229425325
2314,1942.833333,0.230502917
2315,1942.916667,0.232016994
2316,1943.0,0.231719817
2317,1943.083333,0.231598068
2318,1943.166667,0.232242563
2319,1943.25,0.232679985
2320,1943.333333,0.23338121
2321,1943.416667,0.233106135
2322,1943.5,0.232284438
2323,1943.583333,0.229684253
2324,1943.666667,0.229376944
2325,1943.75,0.22903054
2326,1943.833333,0.230112678
2327,1943.916667,0.231634217
2328,1944.0,0.231338379
2329,1944.083333,0.231216761
2330,1944.166667,0.231865193
2331,1944.25,0.232304937
2332,1944.333333,0.233007438
2333,1944.416667,0.232731225
2334,1944.5,0.231903364
2335,1944.583333,0.229288971
2336,1944.666667,0.228980833
2337,1944.75,0.228631459
2338,1944.833333,0.229718138
2339,1944.916667,0.231247276
2340,1945.0,0.230953074
2341,1945.083333,0.23083138
2342,1945.166667,0.231483703
2343,1945.25,0.23192588
2344,1945.333333,0.232629797
2345,1945.416667,0.232352283
2346,1945.5,0.23151827
2347,1945.583333,0.228889331
2348,1945.666667,0.22858048
2349,1945.75,0.228228192
2350,1945.833333,0.22931951
2351,1945.916667,0.230856203
2352,1946.0,0.230563501
2353,1946.083333,0.230441996
2354,1946.166667,0.231098149
2355,1946.25,0.231542823
2356,1946.333333,0.232247968
2357,1946.416667,0.231969302
2358,1946.5,0.231129014
2359,1946.583333,0.228485526
2360,1946.666667,0.228175885
2361,1946.75,0.227820542
2362,1946.833333,0.228916615
2363,1946.916667,0.230460909
2364,1947.0,0.230169872
2365,1947.083333,0.23004839
2366,1947.166667,0.230708685
2367,1947.25,0.231155801
2368,1947.333333,0.231862234
2369,1947.416667,0.23158237
2370,1947.5,0.230735743
2371,1947.583333,0.228077471
2372,1947.666667,0.227767107
2373,1947.75,0.227408656
2374,1947.833333,0.22850941
2375,1947.916667,0.230061613
2376,1948.0,0.229772283
2377,1948.083333,0.229650799
2378,1948.166667,0.230315165
2379,1948.25,0.230764708
2380,1948.333333,0.231472484
2381,1948.416667,0.231191331
2382,1948.5,0.230338373
2383,1948.583333,0.227665267
2384,1948.666667,0.227354065
2385,1948.75,0.22699259
2386,1948.833333,0.228098059
2387,1948.916667,0.22965805
2388,1949.0,0.229370453
2389,1949.083333,0.229249152
2390,1949.166667,0.229917491
2391,1949.25,0.230369595
2392,1949.333333,0.231078768
2393,1949.416667,0.230796349
2394,1949.5,0.229936955
2395,1949.583333,0.227248694
2396,1949.666667,0.22693675
2397,1949.75,0.226572169
2398,1949.833333,0.227682541
2399,1949.916667,0.229250451
2400,1950.0,0.228964656
2401,1950.083333,0.228843398
2402,1950.166667,0.229515866
2403,1950.25,0.229970534
2404,1950.333333,0.230681043
2405,1950.416667,0.230397388
2406,1950.5,0.229531463
2407,1950.583333,0.226827987
2408,1950.666667,0.226515239
2409,1950.75,0.226147549
2410,1950.833333,0.227262667
2411,1950.916667,0.22883868
2412,1951.0,0.228554768
2413,1951.083333,0.228433472
2414,1951.166667,0.229110247
2415,1951.25,0.229567408
2416,1951.333333,0.230279318
2417,1951.416667,0.229994374
2418,1951.5,0.229121862
2419,1951.583333,0.226403032
2420,1951.666667,0.226089434
2421,1951.75,0.225718601
2422,1951.833333,0.226838702
2423,1951.916667,0.228422703
2424,1952.0,0.228140739
2425,1952.083333,0.228019542
2426,1952.166667,0.228700541
2427,1952.25,0.229160333
2428,1952.333333,0.229873585
2429,1952.416667,0.229587353
2430,1952.5,0.228708217
2431,1952.583333,0.225973828
2432,1952.666667,0.225659424
2433,1952.75,0.225285436
2434,1952.833333,0.226410386
2435,1952.916667,0.228002692
2436,1953.0,0.227722709
2437,1953.083333,0.227601628
2438,1953.166667,0.228286755
2439,1953.25,0.228749243
2440,1953.333333,0.229463814
2441,1953.416667,0.229176363
2442,1953.5,0.228290497
2443,1953.583333,0.225540446
2444,1953.666667,0.225225169
2445,1953.75,0.224847961
2446,1953.833333,0.225977943
2447,1953.916667,0.227578518
2448,1954.0,0.227300517
2449,1954.083333,0.227179582
2450,1954.166667,0.227868986
2451,1954.25,0.228334033
2452,1954.333333,0.229050064
2453,1954.416667,0.228761279
2454,1954.5,0.227868635
2455,1954.583333,0.225102842
2456,1954.666667,0.22478671
2457,1954.75,0.224406208
2458,1954.833333,0.225541315
2459,1954.916667,0.227150112
2460,1955.0,0.226874353
2461,1955.083333,0.226753372
2462,1955.166667,0.227447121
2463,1955.25,0.22791492
2464,1955.333333,0.228632416
2465,1955.416667,0.228342158
2466,1955.5,0.227442752
2467,1955.583333,0.224660932
2468,1955.666667,0.224343978
2469,1955.75,0.223960244
2470,1955.833333,0.225100391
2471,1955.916667,0.226717623
2472,1956.0,0.226444037
2473,1956.083333,0.226323201
2474,1956.166667,0.22702133
2475,1956.25,0.227491744
2476,1956.333333,0.228210637
2477,1956.416667,0.22791914
2478,1956.5,0.227012793
2479,1956.583333,0.224214844
2480,1956.666667,0.223897012
2481,1956.75,0.223509977
2482,1956.833333,0.224655325
2483,1956.916667,0.226281076
2484,1957.0,0.226009668
2485,1957.083333,0.225888826
2486,1957.166667,0.226591402
2487,1957.25,0.227064516
2488,1957.333333,0.227784964
2489,1957.416667,0.227492026
2490,1957.5,0.226578748
2491,1957.583333,0.223764421
2492,1957.666667,0.223445859
2493,1957.75,0.223055464
2494,1957.833333,0.224205992
2495,1957.916667,0.225840314
2496,1958.0,0.225571256
2497,1958.083333,0.225450429
2498,1958.166667,0.226157521
2499,1958.25,0.226633428
2500,1958.333333,0.227355213
2501,1958.416667,0.22706092
2502,1958.5,0.226140619
2503,1958.583333,0.223309964
2504,1958.666667,0.222990471
2505,1958.75,0.222596582
2506,1958.833333,0.2237524
2507,1958.916667,0.225395389
2508,1959.0,0.225128655
2509,1959.083333,0.225007973
2510,1959.166667,0.22571954
2511,1959.25,0.226198178
2512,1959.333333,0.22692153
2513,1959.416667,0.226625905
2514,1959.5,0.225698423
2515,1959.583333,0.222851229
2516,1959.666667,0.222530777
2517,1959.75,0.222133567
2518,1959.833333,0.223294622
2519,1959.916667,0.224946364
2520,1960.0,0.224682096
2521,1960.083333,0.224561455
2522,1960.166667,0.225277558
2523,1960.25,0.225758993
2524,1960.333333,0.226483798
2525,1960.416667,0.226186801
2526,1960.5,0.225252173
2527,1960.583333,0.222388179
2528,1960.666667,0.222066865
2529,1960.75,0.221666236
2530,1960.833333,0.222832693
2531,1960.916667,0.224493267
2532,1961.0,0.2242314
2533,1961.083333,0.224110853
2534,1961.166667,0.224831525
2535,1961.25,0.225315774
2536,1961.333333,0.226041987
2537,1961.416667,0.225743727
2538,1961.5,0.224801811
2539,1961.583333,0.221920881
2540,1961.666667,0.221598739
2541,1961.75,0.22119461
2542,1961.833333,0.178204586
2543,1961.916667,0.13459674
2544,1962.0,0.090002567
2545,1962.083333,0.043346643
2546,1962.166667,-0.001809231
2547,1962.25,0.000680773
2548,1962.333333,0.001617387
2549,1962.416667,0.000449373
2550,1962.5,0.000372196
2551,1962.583333,-0.001401864
2552,1962.666667,-0.000675654
2553,1962.75,-0.002709148
2554,1962.833333,0.045241104
2555,1962.916667,0.089411051
2556,1963.0,0.134130966
2557,1963.083333,0.17634446
2558,1963.166667,-0.043195078
2559,1963.25,-0.633589131
2560,1963.333333,-1.063145626
2561,1963.416667,-1.227514576
2562,1963.5,-1.323557201
2563,1963.583333,-1.367571169
2564,1963.666667,-1.35723054
2565,1963.75,-1.310791451
2566,1963.833333,-1.239223964
2567,1963.916667,-1.140329197
2568,1964.0,-1.023442378
2569,1964.083333,-0.934217786
2570,1964.166667,-0.868006614
2571,1964.25,-0.803611032
2572,1964.333333,-0.737412794
2573,1964.416667,-0.666874046
2574,1964.5,-0.583815481
2575,1964.583333,-0.493521868
2576,1964.666667,-0.400834939
2577,1964.75,-0.322869538
2578,1964.833333,-0.257147626
2579,1964.916667,-0.33508087
2580,1965.0,-0.540782752
2581,1965.083333,-0.595373484
2582,1965.166667,-0.513327432
2583,1965.25,-0.440920037
2584,1965.333333,-0.375642818
2585,1965.416667,-0.317792571
2586,1965.5,-0.26021928
2587,1965.583333,-0.206013418
2588,1965.666667,-0.152843748
2589,1965.75,-0.108856512
2590,1965.833333,-0.070516481
2591,1965.916667,0.000449188
2592,1966.0,0.099324414
2593,1966.083333,0.150154182
2594,1966.166667,0.158741701
2595,1966.25,0.166107462
2596,1966.333333,0.172918771
2597,1966.416667,0.177952612
2598,1966.5,0.182193546
2599,1966.583333,0.184127075
2600,1966.666667,0.188300062
2601,1966.75,0.191652238
2602,1966.833333,0.126099551
2603,1966.916667,0.064360653
2604,1967.0,0.004634592
2605,1967.083333,-0.062649752
2606,1967.166667,-0.131993017
2607,1967.25,-0.128332165
2608,1967.333333,-0.125774867
2609,1967.416667,-0.12818437
2610,1967.5,-0.125589443
2611,1967.583333,-0.128503972
2612,1967.666667,-0.130162995
2613,1967.75,-0.134702112
2614,1967.833333,-0.1010405
2615,1967.916667,-0.072672386
2616,1968.0,-0.045451688
2617,1968.083333,-0.018218782
2618,1968.166667,0.013243469
2619,1968.25,0.015759494
2620,1968.333333,0.01776886
2621,1968.416667,0.01636273
2622,1968.5,0.017690213
2623,1968.583333,0.014860038
2624,1968.666667,0.013860818
2625,1968.75,0.011178078
2626,1968.833333,0.03077947
2627,1968.916667,0.04917484
2628,1969.0,0.066146863
2629,1969.083333,0.083148161
2630,1969.166667,0.102700869
2631,1969.25,0.104280913
2632,1969.333333,0.106621489
2633,1969.416667,0.105110541
2634,1969.5,0.106783751
2635,1969.583333,0.102673194
2636,1969.666667,0.099915662
2637,1969.75,0.097062336
2638,1969.833333,0.0985635
2639,1969.916667,0.100940734
2640,1970.0,0.09967678
2641,1970.083333,0.099715241
2642,1970.166667,0.102211949
2643,1970.25,0.103795016
2644,1970.333333,0.106136543
2645,1970.416667,0.104625475
2646,1970.5,0.106290544
2647,1970.583333,0.10216219
2648,1970.666667,0.099404118
2649,1970.75,0.096548205
2650,1970.833333,0.06677054
2651,1970.916667,0.036955044
2652,1971.0,0.004339999
2653,1971.083333,-0.028788271
2654,1971.166667,-0.059188839
2655,1971.25,-0.056181161
2656,1971.333333,-0.053915684
2657,1971.416667,-0.055917447
2658,1971.5,-0.053982259
2659,1971.583333,-0.057084212
2660,1971.666667,-0.058632344
2661,1971.75,-0.062401566
2662,1971.833333,-0.033105821
2663,1971.916667,-0.006707207
2664,1972.0,0.018629388
2665,1972.083333,0.043683179
2666,1972.166667,0.07166732
2667,1972.25,0.073510849
2668,1972.333333,0.075424755
2669,1972.416667,0.074033466
2670,1972.5,0.075113273
2671,1972.583333,0.071606232
2672,1972.666667,0.069902473
2673,1972.75,0.067312241
2674,1972.833333,0.097143876
2675,1972.916667,0.126361279
2676,1973.0,0.15360519
2677,1973.083333,0.181197378
2678,1973.166667,0.210053237
2679,1973.25,0.210655717
2680,1973.333333,0.211524261
2681,1973.416667,0.211116092
2682,1973.5,0.210287994
2683,1973.583333,0.207108877
2684,1973.666667,0.206588751
2685,1973.75,0.205954539
2686,1973.833333,0.209062025
2687,1973.916667,0.212718942
2688,1974.0,0.214298714
2689,1974.083333,0.216032734
2690,1974.166667,0.218665715
2691,1974.25,0.219188945
2692,1974.333333,0.219936145
2693,1974.416667,0.219618254
2694,1974.5,0.218576498
2695,1974.583333,0.215462086
2696,1974.666667,0.199943572
2697,1974.75,-0.009572428
2698,1974.833333,-0.46765758
2699,1974.916667,-0.616687404
2700,1975.0,-0.30489495
2701,1975.083333,-0.114335718
2702,1975.166667,-0.126762523
2703,1975.25,-0.141210681
2704,1975.333333,-0.15850508
2705,1975.416667,-0.177251421
2706,1975.5,-0.192109158
2707,1975.583333,-0.201623634
2708,1975.666667,-0.200974822
2709,1975.75,-0.195734211
2710,1975.833333,-0.183624293
2711,1975.916667,-0.122841857
2712,1976.0,-0.0206436
2713,1976.083333,0.035584405
2714,1976.166667,0.049129404
2715,1976.25,0.063488148
2716,1976.333333,0.077827053
2717,1976.416667,0.089518792
2718,1976.5,0.099896871
2719,1976.583333,0.106574242
2720,1976.666667,0.1145194
2721,1976.75,0.120495342
2722,1976.833333,0.127225102
2723,1976.916667,0.136957383
2724,1977.0,0.147801578
2725,1977.083333,0.155716662
2726,1977.166667,0.160155388
2727,1977.25,0.16265273
2728,1977.333333,0.164653754
2729,1977.416667,0.165777917
2730,1977.5,0.167373595
2731,1977.583333,0.168551804
2732,1977.666667,0.173678834
2733,1977.75,0.178421576
2734,1977.833333,0.184298965
2735,1977.916667,0.187257577
2736,1978.0,0.185006257
2737,1978.083333,0.18496683
2738,1978.166667,0.187741657
2739,1978.25,0.189401328
2740,1978.333333,0.190927969
2741,1978.416667,0.191487083
2742,1978.5,0.191888496
2743,1978.583333,0.190962942
2744,1978.666667,0.19340262
2745,1978.75,0.19557429
2746,1978.833333,0.19919223
2747,1978.916667,0.215628486
2748,1979.0,0.18277614
2749,1979.083333,0.181098669
2750,1979.166667,0.181854165
2751,1979.25,0.183366566
2752,1979.333333,0.186191522
2753,1979.416667,0.185388092
2754,1979.5,0.187428032
2755,1979.583333,0.186209499
2756,1979.666667,0.176570288
2757,1979.75,0.165500857
2758,1979.833333,0.157987075
2759,1979.916667,0.156499299
2760,1980.0,0.151518467
2761,1980.083333,0.152258313
2762,1980.166667,0.154090589
2763,1980.25,0.155544383
2764,1980.333333,0.158595145
2765,1980.416667,0.142447311
2766,1980.5,0.125158743
2767,1980.583333,0.116193289
2768,1980.666667,0.111105113
2769,1980.75,0.106066447
2770,1980.833333,0.109133805
2771,1980.916667,0.106465918
2772,1981.0,0.098764869
2773,1981.083333,0.095238342
2774,1981.166667,0.098049769
2775,1981.25,0.102158594
2776,1981.333333,0.105948361
2777,1981.416667,0.099274469
2778,1981.5,0.092643685
2779,1981.583333,0.090352721
2780,1981.666667,0.094025161
2781,1981.75,0.097023113
2782,1981.833333,0.100893492
2783,1981.916667,0.129696397
2784,1982.0,0.156650695
2785,1982.083333,0.155058716
2786,1982.166667,0.131768834
2787,1982.25,-0.113304137
2788,1982.333333,-0.160875971
2789,1982.416667,-0.221891398
2790,1982.5,-0.299296688
2791,1982.583333,-0.324015519
2792,1982.666667,-0.341957308
2793,1982.75,-0.412919943
2794,1982.833333,-0.613491164
2795,1982.916667,-0.899786824
2796,1983.0,-1.00746183
2797,1983.083333,-0.928444397
2798,1983.166667,-0.935825303
2799,1983.25,-0.887538644
2800,1983.333333,-0.79775385
2801,1983.416667,-0.81503519
2802,1983.5,-0.714339341
2803,1983.583333,-0.549842938
2804,1983.666667,-0.507795024
2805,1983.75,-0.488710465
2806,1983.833333,-0.413632177
2807,1983.916667,-0.437125057
2808,1984.0,-0.408871896
2809,1984.083333,-0.36359275
2810,1984.166667,-0.327632945
2811,1984.25,-0.294670789
2812,1984.333333,-0.274092272
2813,1984.416667,-0.253930108
2814,1984.5,-0.224405692
2815,1984.583333,-0.199917342
2816,1984.666667,-0.188345396
2817,1984.75,-0.155423089
2818,1984.833333,-0.131533136
2819,1984.916667,-0.09741318
2820,1985.0,-0.077812299
2821,1985.083333,-0.053233839
2822,1985.166667,-0.028335021
2823,1985.25,-0.00400382
2824,1985.333333,0.019565144
2825,1985.416667,0.033501387
2826,1985.5,0.046534931
2827,1985.583333,0.052266738
2828,1985.666667,0.063906022
2829,1985.75,0.069749982
2830,1985.833333,0.079551574
2831,1985.916667,0.044878736
2832,1986.0,-0.004099997
2833,1986.083333,-0.019232892
2834,1986.166667,-0.009502861
2835,1986.25,-0.002152139
2836,1986.333333,0.001324938
2837,1986.416667,0.019600596
2838,1986.5,0.025140448
2839,1986.583333,0.028790684
2840,1986.666667,0.040772245
2841,1986.75,0.043223654
2842,1986.833333,0.049393553
2843,1986.916667,0.054347888
2844,1987.0,0.061825442
2845,1987.083333,0.074870638
2846,1987.166667,0.084133566
2847,1987.25,0.090127493
2848,1987.333333,0.088285226
2849,1987.416667,0.091124089
2850,1987.5,0.100375868
2851,1987.583333,0.105148214
2852,1987.666667,0.110627542
2853,1987.75,0.112485529
2854,1987.833333,0.119117775
2855,1987.916667,0.124988848
2856,1988.0,0.131702588
2857,1988.083333,0.135458675
2858,1988.166667,0.142512686
2859,1988.25,0.147457099
2860,1988.333333,0.154352339
2861,1988.416667,0.155807488
2862,1988.5,0.156619066
2863,1988.583333,0.15198083
2864,1988.666667,0.150089551
2865,1988.75,0.156077439
2866,1988.833333,0.160857457
2867,1988.916667,0.168315219
2868,1989.0,0.174285997
2869,1989.083333,0.177426475
2870,1989.166667,0.185217928
2871,1989.25,0.187095411
2872,1989.333333,0.188718254
2873,1989.416667,0.189744386
2874,1989.5,0.191786442
2875,1989.583333,0.190683559
2876,1989.666667,0.18890367
2877,1989.75,0.190836503
2878,1989.833333,0.194586989
2879,1989.916667,0.196848303
2880,1990.0,0.199891856
2881,1990.083333,0.198840428
2882,1990.166667,0.188591024
2883,1990.25,0.184756886
2884,1990.333333,0.18064434
2885,1990.416667,0.179422859
2886,1990.5,0.178604619
2887,1990.583333,0.173006963
2888,1990.666667,0.172723685
2889,1990.75,0.179626547
2890,1990.833333,0.18133585
2891,1990.916667,0.186847169
2892,1991.0,0.188996156
2893,1991.083333,0.189652048
2894,1991.166667,0.192031591
2895,1991.25,0.193259229
2896,1991.333333,0.193679432
2897,1991.416667,0.184373285
2898,1991.5,-0.203575327
2899,1991.583333,-0.692282545
2900,1991.666667,-1.183743005
2901,1991.75,-1.685624334
2902,1991.833333,-1.861892466
2903,1991.916667,-1.858208173
2904,1992.0,-1.882483124
2905,1992.083333,-1.896826239
2906,1992.166667,-1.891883491
2907,1992.25,-1.851502061
2908,1992.333333,-1.91882919
2909,1992.416667,-1.985057642
2910,1992.5,-1.852782258
2911,1992.583333,-1.768581271
2912,1992.666667,-1.693396821
2913,1992.75,-1.507688643
2914,1992.833333,-1.362590688
2915,1992.916667,-1.282832301
2916,1993.0,-1.108524602
2917,1993.083333,-1.07856241
2918,1993.166667,-0.989623792
2919,1993.25,-0.982896798
2920,1993.333333,-0.885585974
2921,1993.416667,-0.79455898
2922,1993.5,-0.713380195
2923,1993.583333,-0.626585439
2924,1993.666667,-0.545202704
2925,1993.75,-0.481271389
2926,1993.833333,-0.41464897
2927,1993.916667,-0.349596068
2928,1994.0,-0.290068879
2929,1994.083333,-0.193675874
2930,1994.166667,-0.124061642
2931,1994.25,-0.067868532
2932,1994.333333,-0.032343831
2933,1994.416667,-0.009407157
2934,1994.5,0.008162719
2935,1994.583333,0.02162232
2936,1994.666667,0.031920969
2937,1994.75,0.039054013
2938,1994.833333,0.055317068
2939,1994.916667,0.069361869
2940,1995.0,0.079295935
2941,1995.083333,0.098068195
2942,1995.166667,0.108234308
2943,1995.25,0.117924721
2944,1995.333333,0.129012586
2945,1995.416667,0.136153984
2946,1995.5,0.137381203
2947,1995.583333,0.145101028
2948,1995.666667,0.151374833
2949,1995.75,0.156789292
2950,1995.833333,0.160993428
2951,1995.916667,0.167858451
2952,1996.0,0.175690168
2953,1996.083333,0.183483812
2954,1996.166667,0.18961001
2955,1996.25,0.193136496
2956,1996.333333,0.195147456
2957,1996.416667,0.188837535
2958,1996.5,0.200377358
2959,1996.583333,0.200032912
2960,1996.666667,0.201058183
2961,1996.75,0.202960519
2962,1996.833333,0.204241976
2963,1996.916667,0.207520147
2964,1997.0,0.20996007
2965,1997.083333,0.212604867
2966,1997.166667,0.214810921
2967,1997.25,0.215670039
2968,1997.333333,0.215774695
2969,1997.416667,0.217198758
2970,1997.5,0.218025728
2971,1997.583333,0.217374938
2972,1997.666667,0.216663571
2973,1997.75,0.217336802
2974,1997.833333,0.216746254
2975,1997.916667,0.216766418
2976,1998.0,0.217766954
2977,1998.083333,0.219427396
2978,1998.166667,0.220741645
2979,1998.25,0.221139204
2980,1998.333333,0.219870487
2981,1998.416667,0.221290545
2982,1998.5,0.220871022
2983,1998.583333,0.216778929
2984,1998.666667,0.210707535
2985,1998.75,0.209359205
2986,1998.833333,0.21360964
2987,1998.916667,0.217271406
2988,1999.0,0.219801491
2989,1999.083333,0.223845908
2990,1999.166667,0.227063591
2991,1999.25,0.227723281
2992,1999.333333,0.224675601
2993,1999.416667,0.220705629
2994,1999.5,0.22067351
2995,1999.583333,0.218311731
2996,1999.666667,0.216579926
2997,1999.75,0.215722105
2998,1999.833333,0.215920335
2999,1999.916667,0.219652728
3000,2000.0,0.221042862
3001,2000.083333,0.223529437
3002,2000.166667,0.225431792
3003,2000.25,0.223155968
3004,2000.333333,0.223641511
3005,2000.416667,0.223790654
3006,2000.5,0.224086077
3007,2000.583333,0.221746032
3008,2000.666667,0.220363491
3009,2000.75,0.218365908
3010,2000.833333,0.216242202
3011,2000.916667,0.217042054
3012,2001.0,0.218340449
3013,2001.083333,0.220904865
3014,2001.166667,0.2206405
3015,2001.25,0.223327996
3016,2001.333333,0.222822849
3017,2001.416667,0.218276869
3018,2001.5,0.210366912
3019,2001.583333,0.206386022
3020,2001.666667,0.211117433
3021,2001.75,0.209820444
3022,2001.833333,0.214996089
3023,2001.916667,0.218312603
3024,2002.0,0.220409186
3025,2002.083333,0.223162822
3026,2002.166667,0.223846071
3027,2002.25,0.227356784
3028,2002.333333,0.226617667
3029,2002.416667,0.224902317
3030,2002.5,0.224317516
3031,2002.583333,0.224533465
3032,2002.666667,0.226396636
3033,2002.75,0.22275295
3034,2002.833333,0.21759276
3035,2002.916667,0.214830389
3036,2003.0,0.20850149
3037,2003.083333,0.206122624
3038,2003.166667,0.203924728
3039,2003.25,0.210289845
3040,2003.333333,0.212749552
3041,2003.416667,0.209788484
3042,2003.5,0.207865285
3043,2003.583333,0.203611238
3044,2003.666667,0.202119826
3045,2003.75,0.20152106
3046,2003.833333,0.204645684
3047,2003.916667,0.209318321
3048,2004.0,0.211415038
3049,2004.083333,0.215473022
3050,2004.166667,0.218225705
3051,2004.25,0.218597246
3052,2004.333333,0.220718787
3053,2004.416667,0.22188621
3054,2004.5,0.221037921
3055,2004.583333,0.219260062
3056,2004.666667,0.21605148
3057,2004.75,0.218495481
3058,2004.833333,0.216641547
3059,2004.916667,0.213634501
3060,2005.0,0.210513194
3061,2005.083333,0.206933222
3062,2005.166667,0.19384878
3063,2005.25,0.191271225
3064,2005.333333,0.190142488
3065,2005.416667,0.189585941
3066,2005.5,0.18459895
3067,2005.583333,0.183701509
3068,2005.666667,0.177264631
3069,2005.75,0.177826761
3070,2005.833333,0.18368046
3071,2005.916667,0.189359327
3072,2006.0,0.188050526
3073,2006.083333,0.188652542
3074,2006.166667,0.189855791
3075,2006.25,0.188334256
3076,2006.333333,0.191418391
3077,2006.416667,0.19138636
3078,2006.5,0.172973687
3079,2006.583333,0.165552116
3080,2006.666667,0.158477199
3081,2006.75,0.168231674
3082,2006.833333,0.150778802
3083,2006.916667,0.143754244
3084,2007.0,0.135345861
3085,2007.083333,0.135896183
3086,2007.166667,0.146943557
3087,2007.25,0.156148694
3088,2007.333333,0.162648677
3089,2007.416667,0.170916224
3090,2007.5,0.16853021
3091,2007.583333,0.170671614
3092,2007.666667,0.164402602
3093,2007.75,0.171328616
3094,2007.833333,0.173205159
3095,2007.916667,0.178131871
3096,2008.0,0.18333273
3097,2008.083333,0.183226611
3098,2008.166667,0.18423838
3099,2008.25,0.183811176
3100,2008.333333,0.187511815
3101,2008.416667,0.192312203
3102,2008.5,0.187604823
3103,2008.583333,0.184432182
3104,2008.666667,0.158053069
3105,2008.75,0.162357594
3106,2008.833333,0.159372671
3107,2008.916667,0.166388329
3108,2009.0,0.168759735
3109,2009.083333,0.172186053
3110,2009.166667,0.164950326
3111,2009.25,0.154979696
3112,2009.333333,0.16557756
3113,2009.416667,0.176042317
3114,2009.5,0.139934073
3115,2009.583333,0.124163029
3116,2009.666667,0.110447057
3117,2009.75,0.1324322
3118,2009.833333,0.139620871
3119,2009.916667,0.158335314
3120,2010.0,0.169364321
3121,2010.083333,0.182223411
3122,2010.166667,0.178518495
3123,2010.25,0.178026002
3124,2010.333333,0.184852331
3125,2010.416667,0.189386241
3126,2010.5,0.185407891
3127,2010.583333,0.187983862
3128,2010.666667,0.186625712
3129,2010.75,0.19547631
3130,2010.833333,0.191645709
3131,2010.916667,0.169229434
3132,2011.0,0.160808962
3133,2011.083333,0.166505266
3134,2011.166667,0.16864278
3135,2011.25,0.175906565
3136,2011.333333,0.181140335
3137,2011.416667,0.165973689
3138,2011.5,0.135183417
3139,2011.583333,0.115571118
3140,2011.666667,0.092983426
3141,2011.75,0.108150883
3142,2011.833333,0.116951226
3143,2011.916667,0.147194691
3144,2012.0,0.154796376
3145,2012.083333,0.160854103
3146,2012.166667,0.167457399
3147,2012.25,0.170740448
3148,2012.333333,0.178220193
3149,2012.416667,0.186445816
3150,2012.5,0.18580648
3151,2012.583333,0.187935268
3152,2012.666667,0.18670126
3153,2012.75,0.193258573
3154,2012.833333,0.193956004
3155,2012.916667,0.195945552
3156,2013.0,0.196642471
3157,2013.083333,0.206121474
3158,2013.166667,0.203306732
3159,2013.25,0.197547879
3160,2013.333333,0.201190562
3161,2013.416667,0.201562536
3162,2013.5,0.2001134
3163,2013.583333,0.201706813
3164,2013.666667,0.202332286
3165,2013.75,0.209866373
3166,2013.833333,0.210686609
3167,2013.916667,0.207222763
3168,2014.0,0.208137416
3169,2014.083333,0.213668149
3170,2014.166667,0.194502447
3171,2014.25,0.178823981
3172,2014.333333,0.178046955
3173,2014.416667,0.181212425
3174,2014.5,0.176115293
3175,2014.583333,0.173568965
3176,2014.666667,0.167875922
3177,2014.75,0.177815412
3178,2014.833333,0.182943205
3179,2014.916667,0.185425781
3180,2015.0,0.182449359
3181,2015.083333,0.188474622
3182,2015.166667,0.192946108
3183,2015.25,0.187374884
3184,2015.333333,0.171591079
3185,2015.416667,0.157187109
3186,2015.5,0.139643089
3187,2015.583333,0.12889688
3188,2015.666667,0.11608091
3189,2015.75,0.12821551
3190,2015.833333,0.136879771
3191,2015.916667,0.143180169
3192,2016.0,0.141987131
3193,2016.083333,0.150748159
3194,2016.166667,0.167431702
3195,2016.25,0.168598143
3196,2016.333333,0.170665416
3197,2016.416667,0.18007709
3198,2016.5,0.180493553
3199,2016.583333,0.183013182
3200,2016.666667,0.176869026
3201,2016.75,0.182592821
3202,2016.833333,0.189051068
3203,2016.916667,0.19186421
3204,2017.0,0.189954026
3205,2017.083333,0.192722055
3206,2017.166667,0.198677235
3207,2017.25,0.198515849
3208,2017.333333,0.199827182
3209,2017.416667,0.208366797
3210,2017.5,0.203711673
3211,2017.583333,0.207758633
3212,2017.666667,0.188028025
3213,2017.75,0.188143623
3214,2017.833333,0.192549025
3215,2017.916667,0.196228922
3216,2018.0,0.20064453
3217,2018.083333,0.204422605
3218,2018.166667,0.208065339
3219,2018.25,0.201846212
3220,2018.333333,0.197278724
3221,2018.416667,0.196629122
3222,2018.5,0.195073758
3223,2018.583333,0.180624739
3224,2018.666667,0.164298253
3225,2018.75,0.154815993
3226,2018.833333,0.15943378
3227,2018.916667,0.172991132
3228,2019.0,0.20064453
3229,2019.083333,0.204422605
3230,2019.166667,0.208065339
3231,2019.25,0.201846212
3232,2019.333333,0.197278724
3233,2019.416667,0.196629122
3234,2019.5,0.195073758
3235,2019.583333,0.180624739
3236,2019.666667,0.164298253
3237,2019.75,0.154815993
3238,2019.833333,0.15943378
3239,2019.916667,0.172991132
